-- phpMyAdmin SQL Dump
-- version 5.2.1
-- https://www.phpmyadmin.net/
--
-- Hôte : 127.0.0.1
-- Généré le : mer. 28 jan. 2026 à 19:10
-- Version du serveur : 10.4.32-MariaDB
-- Version de PHP : 8.2.12

SET SQL_MODE = "NO_AUTO_VALUE_ON_ZERO";
START TRANSACTION;
SET time_zone = "+00:00";


/*!40101 SET @OLD_CHARACTER_SET_CLIENT=@@CHARACTER_SET_CLIENT */;
/*!40101 SET @OLD_CHARACTER_SET_RESULTS=@@CHARACTER_SET_RESULTS */;
/*!40101 SET @OLD_COLLATION_CONNECTION=@@COLLATION_CONNECTION */;
/*!40101 SET NAMES utf8mb4 */;

--
-- Base de données : `job_platform`
--

-- --------------------------------------------------------

--
-- Structure de la table `applications`
--

CREATE TABLE `applications` (
  `id` bigint(20) UNSIGNED NOT NULL,
  `job_id` bigint(20) UNSIGNED NOT NULL,
  `candidate_id` bigint(20) UNSIGNED NOT NULL,
  `cv_path` varchar(255) NOT NULL,
  `status` enum('pending','accepted','rejected') NOT NULL DEFAULT 'pending',
  `cover_letter` text DEFAULT NULL,
  `created_at` timestamp NULL DEFAULT NULL,
  `updated_at` timestamp NULL DEFAULT NULL
) ENGINE=InnoDB DEFAULT CHARSET=utf8mb4 COLLATE=utf8mb4_unicode_ci;

--
-- Déchargement des données de la table `applications`
--

INSERT INTO `applications` (`id`, `job_id`, `candidate_id`, `cv_path`, `status`, `cover_letter`, `created_at`, `updated_at`) VALUES
(1, 3, 3, 'cvs/sample_cv.pdf', 'pending', 'Non reprehenderit ut recusandae quis et odio eum aspernatur. Laboriosam et doloribus rem vero eligendi quia sed. Aut natus omnis voluptatibus veniam.\n\nSequi excepturi et dolorem dolor magnam. Amet aliquid laboriosam tenetur sint quia. Corrupti corrupti a non. Quaerat ipsum in ut maiores odit doloribus.', '2026-01-18 03:21:32', '2026-01-28 16:42:27'),
(2, 16, 3, 'cvs/sample_cv.pdf', 'accepted', 'Nemo voluptatem fuga animi eos eius eum sed ratione. Magnam voluptate reiciendis at ea. Id illum debitis molestiae dolores ullam qui. Veniam in maiores blanditiis iure atque animi aperiam.\n\nDolores aut eveniet atque facere perferendis quibusdam eum. Accusantium provident enim facere quo ipsa incidunt qui.', '2025-12-31 14:34:35', '2026-01-28 16:42:27'),
(3, 62, 3, 'cvs/sample_cv.pdf', 'pending', 'Est iure accusantium neque. Beatae corporis omnis vero porro aliquam. Sequi voluptatem est eaque saepe architecto. Autem culpa enim vel consequatur saepe autem ut. Nisi sint rem tenetur et ipsum.\n\nAperiam numquam assumenda sapiente quia qui quis. Optio placeat adipisci a blanditiis velit. Hic in accusantium consequatur facilis aut debitis occaecati. Vero similique et adipisci voluptas quidem debitis qui quisquam.', '2026-01-14 11:45:06', '2026-01-28 16:42:27'),
(4, 71, 3, 'cvs/sample_cv.pdf', 'pending', 'Voluptatibus voluptas error praesentium est voluptatibus. Consequatur debitis id sed molestiae. Voluptate eos sed eligendi velit ut dolorem autem veritatis.\n\nFugit provident accusantium et reprehenderit labore adipisci. Quia laboriosam ab aut vero quisquam veniam voluptas voluptatibus. Harum soluta tempore mollitia aut suscipit ut. Modi adipisci vel consequuntur quia mollitia. Assumenda earum impedit totam aspernatur magni reiciendis officia.', '2026-01-24 11:40:45', '2026-01-28 16:42:27'),
(5, 101, 3, 'cvs/sample_cv.pdf', 'accepted', 'Odit ab et qui qui nam. Similique sequi tenetur in laudantium. Quam fuga est nam dolores tempora voluptas veniam.\n\nOdio mollitia ullam dolore sit aperiam fuga nihil. Est assumenda at voluptas distinctio mollitia voluptatum consectetur praesentium. Ullam id ex animi minima laudantium.', '2026-01-21 14:32:35', '2026-01-28 16:42:27'),
(6, 37, 24, 'cvs/sample_cv.pdf', 'pending', 'Optio accusamus dolores voluptatem. Aperiam facilis ut sed sunt. Maiores quaerat aut exercitationem doloribus eum et.\n\nMinus in neque rerum. Omnis laborum voluptatem voluptatem aspernatur voluptatem quisquam. Qui magnam rem accusamus quibusdam a.', '2026-01-21 21:23:10', '2026-01-28 16:42:27'),
(7, 71, 24, 'cvs/sample_cv.pdf', 'rejected', 'Est aut facere rerum aut quisquam. Repellat harum culpa exercitationem minus eius suscipit sequi. Aspernatur reprehenderit odio et sunt ut libero iusto.\n\nDolor quaerat rerum quas animi odio praesentium reprehenderit. Sequi consequatur beatae quia. Sunt vero recusandae ullam sint porro.', '2026-01-04 10:57:32', '2026-01-28 16:42:27'),
(8, 3, 25, 'cvs/sample_cv.pdf', 'accepted', 'Nam sequi aut eligendi expedita a. Aut dolores dolores accusantium reiciendis fugit numquam. Quas similique voluptatibus dolore. Quam nisi architecto voluptatum quidem est ad.\n\nNihil velit nemo voluptatem quisquam ratione. Sint qui deserunt quam autem aut. Ipsa sit eligendi vel facilis sed consequuntur voluptates eaque. Molestiae nisi eos repudiandae.', '2026-01-21 10:02:09', '2026-01-28 16:42:27'),
(9, 25, 25, 'cvs/sample_cv.pdf', 'rejected', 'Tempora nobis nulla atque. Incidunt et doloremque iste et architecto nesciunt. Hic commodi consequatur dolorem rerum sint. Asperiores in tempora temporibus soluta consequuntur aut.\n\nQuam nam doloremque perspiciatis. Voluptas molestiae sit non porro qui. Sit autem sequi officia deserunt quo facilis minus.', '2026-01-03 18:57:47', '2026-01-28 16:42:27'),
(10, 69, 25, 'cvs/sample_cv.pdf', 'pending', 'Quaerat sint debitis similique quaerat consequatur. Nihil autem iure et quidem ut debitis. Ipsam ducimus sint perferendis quaerat molestiae autem.\n\nVoluptatem molestiae cum officia magni mollitia. Perferendis porro esse fuga eos natus quas in. A esse ipsam suscipit aliquam. Quibusdam et sint debitis deserunt at fuga quis.', '2025-12-31 23:39:10', '2026-01-28 16:42:27'),
(11, 29, 26, 'cvs/sample_cv.pdf', 'rejected', 'Architecto nihil porro ducimus deserunt quo id molestiae illo. Sunt labore numquam veritatis qui. Sed modi esse excepturi sit.\n\nTemporibus atque aut amet a sed accusantium non est. Similique quam neque consectetur. Eaque nobis nam aliquam non animi. Praesentium aut qui qui adipisci sit odio laborum. Molestiae sunt enim ut vitae ea quisquam non.', '2026-01-20 19:30:09', '2026-01-28 16:42:27'),
(12, 74, 26, 'cvs/sample_cv.pdf', 'pending', 'Porro et vitae illum provident. Cumque vel nisi molestiae facilis assumenda soluta voluptatem.\n\nOfficiis libero dolor debitis corrupti eveniet vel. Non praesentium facere eos reprehenderit rem animi consequatur quisquam.', '2026-01-12 08:05:26', '2026-01-28 16:42:27'),
(13, 114, 27, 'cvs/sample_cv.pdf', 'accepted', 'Debitis impedit excepturi ipsum blanditiis ullam quibusdam ut. Repudiandae et laudantium pariatur reprehenderit qui quaerat cumque quo. Reprehenderit numquam qui rerum repellendus atque voluptas. Qui voluptatem iusto dolorem consequatur possimus et fugiat nostrum.\n\nIure cum laudantium soluta doloribus ipsum autem nihil. Aut rerum nesciunt vitae labore. Perferendis voluptatem ea in rerum aut.', '2026-01-14 11:44:32', '2026-01-28 16:42:27'),
(14, 17, 28, 'cvs/sample_cv.pdf', 'pending', 'Ea aliquid magni autem cumque libero tempora. Hic est facere totam eum et maxime nostrum. Omnis doloribus officia eius qui sit numquam.\n\nInventore minus impedit eveniet debitis aut. Et doloremque eveniet nobis facilis rem. Eum et id magni id consectetur assumenda et.', '2026-01-02 18:18:25', '2026-01-28 16:42:27'),
(15, 91, 28, 'cvs/sample_cv.pdf', 'pending', 'Tenetur esse fuga at aliquam et et omnis. Placeat amet dolorem eaque eos. Quia illo aut velit illum nulla cumque dolor molestiae.\n\nQuam nemo molestiae nihil consequatur molestias. Quod rem repellendus earum excepturi. Non et ratione corporis assumenda. Totam corporis non numquam repellendus placeat.', '2026-01-21 12:36:27', '2026-01-28 16:42:27'),
(16, 92, 28, 'cvs/sample_cv.pdf', 'accepted', 'Qui minima itaque ipsam. Pariatur ullam harum harum autem quia. Quia quo error repudiandae.\n\nEt et nam animi sit eveniet rerum. Possimus aut qui eligendi eum rerum illo. Et occaecati corrupti culpa illum enim omnis tenetur.', '2026-01-20 15:44:24', '2026-01-28 16:42:27'),
(17, 35, 29, 'cvs/sample_cv.pdf', 'accepted', 'Sunt suscipit rerum necessitatibus. In nihil ut possimus aspernatur architecto et repellendus. Aspernatur amet ea quis sapiente qui voluptatum molestiae. Nostrum aut est et.\n\nEt voluptatem dolores in praesentium fugiat voluptate et. Vitae eveniet omnis ipsam blanditiis molestiae et. Quo quasi sint iusto atque asperiores eligendi. Et accusamus ullam reprehenderit doloribus quo dignissimos magni.', '2026-01-02 14:38:11', '2026-01-28 16:42:27'),
(18, 45, 29, 'cvs/sample_cv.pdf', 'accepted', 'Consectetur non et incidunt sed. Minima quia fuga vel excepturi exercitationem totam quas. Cupiditate nesciunt sit pariatur atque.\n\nReiciendis velit expedita explicabo fugit enim eius. Sit qui numquam fuga aut tenetur. Ut rerum odit ad enim ut.', '2026-01-15 03:31:43', '2026-01-28 16:42:27'),
(19, 6, 30, 'cvs/sample_cv.pdf', 'accepted', 'Ducimus dolor quam quo aut incidunt et. Veniam qui culpa ut in. Quo deserunt voluptatem accusamus veniam. Ad a in et illo quasi consequatur reprehenderit.\n\nId animi cumque unde voluptas unde qui. Velit adipisci natus laudantium et modi dolorem quia consectetur. Est odit tempora vel modi. Facere aut odio quasi.', '2026-01-04 20:33:58', '2026-01-28 16:42:27'),
(20, 71, 30, 'cvs/sample_cv.pdf', 'pending', 'Ut quos odit nulla provident sit quam doloribus. Ut voluptas necessitatibus veritatis cum. Sint magni odit officia sed magni omnis.\n\nVel dolorem omnis sint commodi eos quibusdam in. Optio corrupti qui exercitationem et porro. Ut suscipit eius necessitatibus ullam et quia consequatur sequi.', '2026-01-19 06:37:44', '2026-01-28 16:42:27'),
(21, 80, 30, 'cvs/sample_cv.pdf', 'accepted', 'Nesciunt odit eveniet aspernatur sit omnis. Modi quisquam voluptatem quo dolore consectetur autem non. Distinctio veritatis et fugiat qui ea beatae necessitatibus.\n\nMinima rerum minima laudantium inventore. Excepturi magnam consectetur quas nobis ducimus corporis ipsa officiis. Eligendi totam laborum omnis dolorum. In adipisci tempora voluptas est voluptatibus dolor suscipit.', '2026-01-21 06:55:04', '2026-01-28 16:42:27'),
(22, 84, 30, 'cvs/sample_cv.pdf', 'pending', 'Fugiat libero omnis quos animi esse maiores sequi. Fugit ex eligendi consequatur tempora laudantium. Consequatur expedita omnis deleniti molestiae consequatur.\n\nSed repellendus itaque accusantium sint recusandae et. Nulla iste est voluptatem delectus impedit beatae.', '2026-01-22 00:21:34', '2026-01-28 16:42:27'),
(23, 105, 31, 'cvs/sample_cv.pdf', 'pending', 'Hic quis non numquam eius soluta. Enim laboriosam consectetur labore qui dolorum. Labore adipisci occaecati laborum sunt sint. Nihil architecto consectetur atque quod dolorum in.\n\nAut ut aut illo itaque. Et et omnis nesciunt corrupti. Quo et ut eum rerum facere. Quod vel aut adipisci sunt omnis vero harum aliquid.', '2026-01-08 03:35:52', '2026-01-28 16:42:27'),
(24, 31, 32, 'cvs/sample_cv.pdf', 'accepted', 'Aut occaecati minima sunt enim dolorem perspiciatis. Neque est ipsa maiores. Totam et nihil autem inventore nobis voluptatum autem.\n\nMolestiae cupiditate omnis deserunt eius vel qui facere qui. Nam ad quia et sint unde maxime aut. Consectetur quibusdam repellat distinctio fuga dolorem. Mollitia quam quis similique debitis.', '2026-01-18 06:42:32', '2026-01-28 16:42:27'),
(25, 63, 32, 'cvs/sample_cv.pdf', 'pending', 'Aspernatur aut officia qui placeat fugit a ab. Quis modi ducimus sed. Quo explicabo neque hic aut temporibus incidunt nihil. Reiciendis voluptatum dolor eveniet sit rerum.\n\nEligendi corporis esse est eaque quos numquam possimus. Excepturi fuga non praesentium voluptatum est unde accusantium porro. Non et quis earum quia quibusdam fuga. Non nulla commodi quidem iure blanditiis eius.', '2026-01-25 05:38:04', '2026-01-28 16:42:27'),
(26, 79, 32, 'cvs/sample_cv.pdf', 'pending', 'Nam a ab voluptas nihil ullam odio sit sed. Dolores eligendi consequuntur delectus porro. Dolore nihil voluptatem porro qui ex.\n\nSunt ex veritatis in aliquam quo veniam et ut. Exercitationem soluta et qui aliquam sunt veritatis. Maiores molestiae sed qui pariatur accusamus consequuntur. Illum aliquam qui voluptas omnis eos numquam at.', '2026-01-04 23:10:08', '2026-01-28 16:42:27'),
(27, 39, 33, 'cvs/sample_cv.pdf', 'rejected', 'Aut ab harum quia aut eum. Et fugiat libero et est. Recusandae qui veritatis aperiam velit nostrum mollitia consequatur. Sunt et sed perferendis vel quis libero et est.\n\nEnim voluptas cumque autem nam pariatur et. Doloremque placeat doloribus enim qui corporis et ad. Non perferendis soluta sed nam aut.', '2026-01-24 18:05:20', '2026-01-28 16:42:27'),
(29, 23, 34, 'cvs/sample_cv.pdf', 'accepted', 'Officia iusto laboriosam suscipit atque sequi alias consequatur. Sed magni nisi vel vitae. Alias voluptates nesciunt possimus error. Adipisci alias maiores pariatur illum at laborum quibusdam. Eveniet dolorem nam quis aut consequatur in.\n\nPerferendis reprehenderit dolor laudantium recusandae minus qui. Ut est similique sequi mollitia rem velit. Magnam et consequatur ipsum voluptatem nulla temporibus.', '2026-01-22 02:59:58', '2026-01-28 16:42:27'),
(30, 65, 35, 'cvs/sample_cv.pdf', 'rejected', 'Sit fugiat est consectetur ducimus enim. Repellat aut aliquam ea maxime repellat laborum. Necessitatibus et et sit voluptas. Ratione et amet voluptas voluptatum expedita dolorem.\n\nOfficia iusto consequuntur inventore cumque vel. Reiciendis architecto et nemo harum. Cupiditate tempore fugit adipisci sit fugit. Dolorum porro vel eum beatae quia deserunt doloremque.', '2026-01-21 04:19:10', '2026-01-28 16:42:27'),
(31, 22, 36, 'cvs/sample_cv.pdf', 'rejected', 'Blanditiis aut qui repudiandae minima esse sint consequatur. Eum eum qui sint repellendus quasi cupiditate. Dolor suscipit eum consequatur.\n\nNon incidunt at corporis. Dicta id dolorum aperiam iste quasi consequatur. Amet explicabo ipsum et laborum voluptas. Recusandae pariatur amet sequi voluptatibus fuga provident.', '2026-01-16 02:57:47', '2026-01-28 16:42:27'),
(32, 65, 36, 'cvs/sample_cv.pdf', 'rejected', 'Accusamus dignissimos amet nisi ut nihil ut hic. Molestiae sequi qui est ex. Ducimus qui vel hic.\n\nMinima ea ducimus nulla. Voluptatem asperiores consequatur consequatur voluptas totam.', '2026-01-06 16:35:31', '2026-01-28 16:42:27'),
(33, 69, 36, 'cvs/sample_cv.pdf', 'pending', 'Et qui assumenda placeat non nobis. Architecto commodi praesentium temporibus necessitatibus. Consectetur aspernatur dicta accusamus architecto. Quia eos rerum dolorem commodi delectus omnis. Iusto voluptatibus voluptas porro reiciendis.\n\nQui ab accusamus inventore veritatis blanditiis. Quia molestias soluta vitae voluptates aut dolore aperiam ea. Totam enim exercitationem dolore consequatur aut.', '2026-01-23 00:43:01', '2026-01-28 16:42:27'),
(34, 82, 36, 'cvs/sample_cv.pdf', 'rejected', 'Neque quis cum quis consequatur et. Laudantium repudiandae recusandae vel eveniet. Dolorem ducimus qui quia nihil consectetur.\n\nQui doloribus minus eum consectetur mollitia occaecati id mollitia. Saepe consequatur odit neque voluptas cupiditate corrupti. A modi facere et ipsam ipsam nemo quia. Dolorem maiores aut quidem.', '2026-01-19 18:34:07', '2026-01-28 16:42:27'),
(35, 8, 37, 'cvs/sample_cv.pdf', 'pending', 'Sapiente architecto enim eos quasi amet est adipisci perspiciatis. Sunt cum et et et. Sunt et impedit repellendus saepe quasi minima.\n\nAnimi qui at corrupti neque distinctio eos. Vel sunt nesciunt ad. Esse omnis rerum illo distinctio ut iste inventore. Numquam voluptatum iste qui quaerat vitae voluptas. Neque quisquam quam distinctio cumque voluptatem commodi sapiente.', '2026-01-06 10:07:25', '2026-01-28 16:42:27'),
(36, 15, 37, 'cvs/sample_cv.pdf', 'pending', 'Labore est aut cum ut nostrum vel. Mollitia veritatis dolores provident qui ut porro. Nihil aut consequatur impedit quam explicabo molestias. Velit debitis enim modi.\n\nModi officiis eaque alias eos vitae. Dignissimos at et veniam quo. Labore ex dolores numquam. Necessitatibus quo vero officiis officiis culpa consequuntur cumque. Nihil necessitatibus ut nemo molestiae ut et.', '2026-01-27 15:49:06', '2026-01-28 16:42:27'),
(37, 49, 37, 'cvs/sample_cv.pdf', 'rejected', 'Quisquam voluptatem non voluptas hic velit. Nihil deserunt sit facilis sint.\n\nMinus minus illo magnam voluptate et ab. Quae exercitationem sint voluptate dignissimos rem nam. Tempora occaecati sed expedita qui eligendi eveniet. Laboriosam id nihil quidem a quidem explicabo magni.', '2026-01-11 13:13:44', '2026-01-28 16:42:27'),
(38, 68, 37, 'cvs/sample_cv.pdf', 'pending', 'Et ex necessitatibus facere sint laudantium fuga. Repellat voluptatem nemo saepe est aspernatur harum sit. Commodi sit consequatur rerum exercitationem veritatis dolor. Qui ut sapiente tempora inventore omnis.\n\nEst sed tenetur voluptate odit itaque quibusdam cupiditate. Commodi occaecati sed deserunt corporis iure eos temporibus. Ut debitis modi neque illo minima id dolor. Fuga sed deleniti consequuntur impedit earum aut.', '2026-01-13 22:13:32', '2026-01-28 16:42:27'),
(39, 34, 38, 'cvs/sample_cv.pdf', 'pending', 'Deleniti quae eum sed. Explicabo fugit odit labore error maiores mollitia. Qui aut mollitia voluptatibus laudantium quia dolor explicabo dignissimos.\n\nEum sint dolorum molestiae consequuntur temporibus enim. Mollitia unde repellendus nam voluptate. At officiis voluptate doloremque mollitia consequuntur.', '2026-01-09 18:34:59', '2026-01-28 16:42:27'),
(40, 46, 38, 'cvs/sample_cv.pdf', 'accepted', 'Animi natus enim sapiente ex enim perspiciatis. Sint quod quaerat velit repudiandae molestiae corporis repellendus. Dolorem illum ea iusto doloremque. Quis est praesentium qui architecto repellat sed.\n\nQuae aliquid itaque quasi totam possimus quam laboriosam. Provident mollitia ipsam nemo optio eos sunt. Dignissimos officia dolorum aut sunt. Enim repellat facere corrupti et consequatur qui perspiciatis.', '2026-01-11 05:57:40', '2026-01-28 16:42:27'),
(41, 62, 38, 'cvs/sample_cv.pdf', 'rejected', 'Facere eos omnis animi laudantium exercitationem. Similique omnis enim nesciunt quo. Assumenda laborum cum omnis laborum sint minima reprehenderit.\n\nVelit eaque et dolores quisquam aut et. Voluptatum consequuntur et facere. Molestias doloremque aut quod nobis. Et perferendis aspernatur modi.', '2026-01-25 07:39:36', '2026-01-28 16:42:27'),
(42, 104, 38, 'cvs/sample_cv.pdf', 'accepted', 'Velit nostrum voluptatibus est rerum quae. Et numquam accusamus et. Voluptate soluta laborum quasi quaerat animi nemo minima.\n\nQuidem repellendus eius autem delectus. Omnis soluta optio non velit molestias inventore officiis. Aliquid dignissimos aliquid quasi nam. Eos vel a esse corrupti dolor.', '2025-12-29 10:52:13', '2026-01-28 16:42:27'),
(43, 76, 39, 'cvs/sample_cv.pdf', 'accepted', 'Veritatis accusantium voluptate at veritatis. Saepe enim et at. Ratione nobis sunt quos dolorem. Odio soluta corporis omnis sit ab sunt. Id consequatur asperiores beatae vel totam ullam.\n\nConsectetur minus adipisci dolores ratione. Sequi quaerat enim iusto. Dignissimos facilis consequuntur debitis inventore. Atque iure molestiae nemo ut enim voluptatem maxime.', '2026-01-17 19:07:34', '2026-01-28 16:42:27'),
(44, 14, 40, 'cvs/sample_cv.pdf', 'pending', 'Ea id sunt suscipit voluptate maiores corrupti sunt. Porro ratione eos tempora voluptatibus earum consequatur est quia.\n\nVeritatis cupiditate amet eum. Similique numquam quaerat non vel aut. Dolor corporis hic aspernatur minus dolores quaerat sed.', '2026-01-21 04:37:51', '2026-01-28 16:42:27'),
(45, 42, 40, 'cvs/sample_cv.pdf', 'rejected', 'Fugiat voluptatibus iusto reprehenderit corporis fugiat ullam voluptate architecto. Dolor sunt ullam qui esse sed. Saepe ipsum impedit et quas nisi doloremque.\n\nSit ab quas aliquam dolor error ut. Omnis error reprehenderit rem id numquam autem voluptatem quam. Accusamus quod dolorem nihil qui est.', '2026-01-12 07:46:15', '2026-01-28 16:42:27'),
(46, 65, 40, 'cvs/sample_cv.pdf', 'pending', 'Dolorum ex culpa quis sit ut voluptatem delectus. Ut qui dolor et quia ex. Aut consequatur sit deserunt voluptas earum vitae.\n\nMolestiae porro vel nesciunt quos ab dolorem. Nesciunt odit vel earum corrupti id sed. Debitis accusamus ab esse voluptatem.', '2026-01-23 08:07:28', '2026-01-28 16:42:27'),
(47, 91, 40, 'cvs/sample_cv.pdf', 'accepted', 'Incidunt voluptatibus laborum assumenda eveniet dolorem maiores. Ratione adipisci vel eos amet. Et aliquam quaerat sapiente deleniti possimus.\n\nId et sed eaque molestiae consectetur qui. Est ipsum aspernatur eius. Officiis quas esse esse.', '2026-01-27 08:17:22', '2026-01-28 16:42:27'),
(48, 11, 41, 'cvs/sample_cv.pdf', 'rejected', 'Doloribus ut ex adipisci. Deleniti recusandae rem non minima ut asperiores. Quibusdam vel temporibus nam.\n\nQuae nihil rem in culpa. Repellendus labore aliquam repudiandae quidem consectetur. Eligendi quaerat ut rerum harum ut molestias.', '2026-01-14 16:28:54', '2026-01-28 16:42:27'),
(49, 26, 41, 'cvs/sample_cv.pdf', 'pending', 'Minus modi aliquam error aliquid sequi non. Sapiente a magnam similique perspiciatis aliquam consequatur. Est ut quia nisi quos ea rerum. Itaque repudiandae rem officiis vitae.\n\nIusto ipsam voluptas libero. Modi velit assumenda dolores id. Quis in sit tempore totam rerum eius repudiandae. Eveniet placeat illum enim inventore neque. Neque dicta at odit sunt voluptate.', '2026-01-28 06:24:19', '2026-01-28 16:42:27'),
(50, 98, 41, 'cvs/sample_cv.pdf', 'pending', 'Eum est distinctio commodi necessitatibus eaque ut sapiente. Unde minus at autem. Voluptate eos ducimus nesciunt omnis perspiciatis maxime magnam.\n\nEt illum reprehenderit at. Non aut alias at esse magnam maxime. Incidunt non est veniam est facere voluptatibus recusandae quia.', '2026-01-01 18:42:06', '2026-01-28 16:42:27'),
(51, 59, 42, 'cvs/sample_cv.pdf', 'pending', 'Rem architecto vitae et sunt deserunt. Voluptatem nisi debitis quidem velit eaque. Beatae sit voluptatem autem facilis eius sed at. Dolor voluptatem laudantium velit facilis repellendus.\n\nBeatae quisquam eos quibusdam eum. Aperiam est ut itaque ex eius. Eius aut officia harum autem similique.', '2026-01-16 17:14:13', '2026-01-28 16:42:27'),
(52, 66, 43, 'cvs/sample_cv.pdf', 'rejected', 'Expedita voluptas provident cupiditate dolor voluptatem et iure. Incidunt sed natus veniam rerum corrupti cumque. Maiores ducimus id laborum dolorum voluptas consequatur ut et.\n\nOdio sint veniam voluptatem temporibus quod ipsum voluptates. Debitis est corporis eaque esse perferendis quasi modi. Impedit dolorum similique nihil consectetur commodi et.', '2026-01-23 12:56:19', '2026-01-28 16:42:27'),
(53, 81, 43, 'cvs/sample_cv.pdf', 'accepted', 'At temporibus facere error quo accusantium suscipit. Aut ab omnis mollitia qui aut. Nemo culpa dolorem neque quaerat. Quia delectus autem aut error ipsam quaerat temporibus nihil.\n\nSunt facere accusantium in voluptates labore. Vitae quae cupiditate exercitationem. Assumenda quia aliquid dolorem ab beatae et praesentium. Dolor in quis est excepturi iure.', '2026-01-11 03:27:26', '2026-01-28 16:42:27'),
(54, 37, 44, 'cvs/sample_cv.pdf', 'pending', 'Saepe facilis fuga qui itaque molestiae. Molestiae odit quod ullam qui quis consequatur maxime. Sequi quasi aut nobis saepe et a suscipit laboriosam. Excepturi consequatur harum sapiente eveniet minima est iure rerum.\n\nDeserunt nihil qui nostrum. Accusamus dolore quod voluptates corporis. Quia impedit facilis dignissimos neque iure temporibus quisquam. Veritatis vel et aspernatur minus.', '2026-01-15 11:09:17', '2026-01-28 16:42:27'),
(55, 85, 45, 'cvs/sample_cv.pdf', 'accepted', 'Et quo numquam deserunt enim doloremque. Dignissimos est omnis ab.\n\nMinus voluptas ea voluptates at rerum cum eligendi nobis. Corporis itaque mollitia reprehenderit debitis error aliquid ea molestiae. Deleniti consequatur deleniti voluptatem recusandae ratione.', '2026-01-19 18:31:23', '2026-01-28 16:42:27'),
(56, 20, 46, 'cvs/sample_cv.pdf', 'pending', 'Doloremque earum placeat ut dicta et ut. Facilis non enim nihil unde quisquam consequatur.\n\nOfficia in ut animi culpa et voluptatibus. Eum cumque consequatur non cupiditate voluptatum eligendi repellendus. Cum voluptatibus facilis omnis aut.', '2026-01-07 05:11:20', '2026-01-28 16:42:27'),
(57, 37, 46, 'cvs/sample_cv.pdf', 'rejected', 'Aut cum non dolorem dignissimos. Illum repellendus velit ut. Est sit blanditiis cumque consectetur nulla. Voluptates non magni fugit fugiat iste.\n\nUt facere omnis quas quis quia reiciendis unde incidunt. Eius aspernatur sunt sed repellat qui. In atque rerum qui natus sint. Ut incidunt repudiandae consequatur voluptate.', '2026-01-11 02:55:09', '2026-01-28 16:42:27'),
(58, 63, 46, 'cvs/sample_cv.pdf', 'pending', 'Quia nisi impedit perferendis vel deleniti. Et sit dolores non enim dolorum amet tempora. Repudiandae quam inventore repellendus.\n\nPerferendis tempore est nulla et sequi. Et quod laboriosam explicabo quis. Similique officia sit neque voluptatum a distinctio. Et cumque facilis possimus necessitatibus voluptate laboriosam.', '2026-01-11 04:15:42', '2026-01-28 16:42:27'),
(59, 76, 46, 'cvs/sample_cv.pdf', 'pending', 'Officia similique quis eos occaecati. Perferendis et perferendis et ut quis. Quasi quam sapiente nemo corporis molestiae. Perferendis error iste nobis ut itaque cum.\n\nIn sint minima tenetur mollitia et non aut. Labore iure explicabo ad nihil quis numquam aut rem. Placeat dolorem maxime necessitatibus.', '2026-01-27 13:31:54', '2026-01-28 16:42:27'),
(60, 9, 47, 'cvs/sample_cv.pdf', 'accepted', 'Odit eum et debitis cumque sit possimus. Rem ducimus numquam minima et maiores sint. Qui exercitationem molestias nobis consequuntur saepe. Consequatur doloremque qui et.\n\nDolorem et quia aut nobis sed. Illum fuga eaque velit perspiciatis laborum excepturi labore.', '2026-01-19 23:53:18', '2026-01-28 16:42:27'),
(61, 24, 47, 'cvs/sample_cv.pdf', 'rejected', 'Ducimus asperiores adipisci libero voluptas nam ex accusamus voluptas. Molestiae et quia ex non ducimus explicabo velit. Quae vero aspernatur est et. Eos minima aut quas labore sint quam. Aliquid ipsa et dicta est.\n\nDolorem officiis quas praesentium tempore. Dignissimos est quae iste sed. Voluptas vero et dolorum repellat culpa iusto et. Autem quia in ipsum esse in quis voluptas occaecati.', '2026-01-05 03:46:01', '2026-01-28 16:42:27'),
(62, 112, 47, 'cvs/sample_cv.pdf', 'accepted', 'Hic eum asperiores natus odio mollitia. Et nemo est consequuntur. Optio est nobis ab ipsam dolores repellendus quia placeat.\n\nNulla omnis iste et aut aut mollitia et. Eligendi rem quod reprehenderit id dolorem. Excepturi ut et dolorem totam voluptatem.', '2026-01-18 17:10:50', '2026-01-28 16:42:27'),
(63, 76, 48, 'cvs/sample_cv.pdf', 'rejected', 'Facilis exercitationem omnis tempore at totam quaerat. Magnam rerum odio non. Doloribus voluptatem maxime aut tempora porro.\n\nAnimi cum repudiandae impedit odio a nam dolor. Velit ipsam tenetur velit laborum ratione non. Iure sunt omnis earum asperiores reiciendis ut.', '2026-01-04 22:25:22', '2026-01-28 16:42:27'),
(64, 91, 48, 'cvs/sample_cv.pdf', 'accepted', 'Dolores dolor voluptas labore dolor molestiae accusamus voluptatem. Laborum architecto quibusdam laboriosam odit est. Id dignissimos vel et. Odit sed expedita quo odit.\n\nDignissimos sint est velit dolorem animi explicabo. Amet itaque magnam nemo et architecto reprehenderit. Rerum sit voluptas rerum enim et. Nam eveniet tenetur inventore dolore reiciendis nostrum est.', '2026-01-28 16:06:58', '2026-01-28 16:42:27'),
(65, 93, 48, 'cvs/sample_cv.pdf', 'rejected', 'Ad dignissimos aut ducimus deserunt. Eius impedit cupiditate labore quas vero ipsam provident excepturi. Illo cum neque dolores sed aliquam eos eaque quo.\n\nAut a autem eaque recusandae dolores. Neque aut mollitia in est iure. Quam dolor voluptates sint blanditiis animi.', '2025-12-30 23:51:22', '2026-01-28 16:42:27'),
(66, 59, 49, 'cvs/sample_cv.pdf', 'accepted', 'Accusantium qui quidem qui aut fugit officia deleniti quas. Eos tenetur asperiores ut sapiente porro quaerat illum. Et et aut quas earum est.\n\nDeserunt labore aut quis ab. Suscipit quia dolores ea eum aut. Quia qui et et nostrum repellendus.', '2026-01-11 19:07:25', '2026-01-28 16:42:27'),
(67, 2, 50, 'cvs/sample_cv.pdf', 'rejected', 'Dicta eum et nihil in ipsum rerum. Nemo aliquam et aliquid autem fugit rerum. Animi fugiat soluta ut explicabo enim. Dolor quia consectetur excepturi quam at dolorum.\n\nUnde et quaerat delectus excepturi quod et tempora. Sit eaque unde voluptatem. Quas et et earum quia esse.', '2026-01-23 07:53:29', '2026-01-28 16:42:27'),
(68, 8, 50, 'cvs/sample_cv.pdf', 'accepted', 'Et est inventore pariatur earum hic labore. Provident quo vel soluta necessitatibus voluptatem. Porro quia eveniet quia autem omnis laudantium ullam esse. Numquam consequatur voluptatibus ducimus autem inventore.\n\nDeleniti earum excepturi tempore fugit quas. Et eaque quia voluptatem sunt sequi. Commodi iste quia magni consequatur iure.', '2026-01-11 22:20:11', '2026-01-28 16:42:27'),
(69, 65, 50, 'cvs/sample_cv.pdf', 'rejected', 'Assumenda reiciendis recusandae consectetur. Itaque iure tenetur aperiam odit ipsa. Aliquid dicta sit laborum necessitatibus adipisci. Eveniet ea assumenda mollitia ipsa tempore ipsum.\n\nIste explicabo rerum minima culpa sed ipsam qui. Dolorem voluptatem voluptas totam illo. Recusandae ex ea laudantium voluptatem consequatur qui.', '2025-12-30 16:26:14', '2026-01-28 16:42:27'),
(70, 11, 51, 'cvs/sample_cv.pdf', 'pending', 'Repellat facilis rerum earum esse voluptas iusto. Aliquid et qui aut officia placeat modi. Non in sed ipsa in qui libero.\n\nVoluptas sint officiis assumenda non velit unde. Optio laudantium dignissimos perferendis vitae cupiditate iusto. Nihil tempore enim fugiat exercitationem qui harum et qui. Qui id possimus quia ut.', '2025-12-31 13:57:30', '2026-01-28 16:42:27'),
(71, 84, 52, 'cvs/sample_cv.pdf', 'rejected', 'Enim voluptas molestiae est dolore. Quasi eaque itaque modi eligendi sed. Qui nobis molestias debitis libero. Mollitia at praesentium omnis dolores repellat. Facilis quia itaque maxime quae amet.\n\nDolor aperiam vel similique sint corrupti et id. Reprehenderit possimus sunt quod et enim quis. Qui iusto accusantium aspernatur quos sit iure assumenda. Ipsa velit aliquid consectetur necessitatibus nesciunt dolorem.', '2026-01-23 21:35:42', '2026-01-28 16:42:27'),
(72, 86, 52, 'cvs/sample_cv.pdf', 'accepted', 'Quidem alias maiores tempore nisi impedit esse eligendi. Amet qui commodi velit ipsa in ut aut. Atque veritatis qui est occaecati quisquam. Non provident deserunt eius nihil porro aut laboriosam. Laboriosam culpa optio sed officia.\n\nSimilique velit odio possimus explicabo ullam. Aut perferendis sed voluptas molestias et aut sit. Placeat ex ratione unde qui natus.', '2026-01-16 10:07:15', '2026-01-28 16:42:27'),
(73, 87, 52, 'cvs/sample_cv.pdf', 'rejected', 'Sed quis occaecati dolorum voluptas. Quisquam qui sit necessitatibus cum. Expedita consequatur exercitationem iusto odio. Quisquam et voluptas et quos.\n\nReiciendis ad ipsa voluptas totam ipsum ipsa. Suscipit molestiae aut id suscipit doloribus. Repellat enim officia at aspernatur eum aut.', '2026-01-28 06:27:00', '2026-01-28 16:42:27'),
(74, 10, 53, 'cvs/sample_cv.pdf', 'accepted', 'Neque perspiciatis aut officiis consectetur. Doloribus doloremque sapiente eaque. Impedit velit eligendi eaque itaque quo animi.\n\nLaudantium totam cupiditate possimus quia aut velit. Possimus impedit odit animi in. Autem fugiat iste repellendus esse nemo fugit doloremque. Sed non rerum quia nesciunt.', '2026-01-27 09:37:29', '2026-01-28 16:42:27'),
(75, 26, 53, 'cvs/sample_cv.pdf', 'rejected', 'Ea consequatur nisi dolorum consequatur. Cumque enim inventore necessitatibus est quod. Eius at nulla autem dolorum reprehenderit et.\n\nProvident aspernatur officiis provident quae iste. Et porro minima quidem delectus est commodi. Molestias fugit sunt doloribus recusandae non voluptatem. Nemo totam dolorum nihil aut.', '2026-01-20 18:01:04', '2026-01-28 16:42:27'),
(76, 110, 53, 'cvs/sample_cv.pdf', 'pending', 'Est quos quasi autem nemo harum. Cum eos maxime voluptas adipisci sed dolorum. Sit tempore provident ad laborum. Est non aut et. Officiis ipsa consequuntur sint itaque.\n\nEaque ad voluptatem est ea ut est. Assumenda aut rerum nobis voluptas.', '2026-01-16 16:08:37', '2026-01-28 16:42:27'),
(77, 102, 54, 'cvs/sample_cv.pdf', 'accepted', 'Ut omnis harum odio eligendi rem aut amet. Similique id quam et maxime. Hic iste eaque sed fuga. Veniam eum dolorem amet quae quae eum id qui. Excepturi fuga ipsam reiciendis.\n\nVelit illum veritatis repellat porro consequatur quo ut quis. Voluptatibus ipsam et dolore reprehenderit aperiam exercitationem rerum. Qui sapiente molestiae aut aut sapiente tenetur.', '2025-12-29 17:54:59', '2026-01-28 16:42:27'),
(79, 14, 55, 'cvs/sample_cv.pdf', 'rejected', 'Et veniam mollitia qui voluptatem nostrum ullam similique. Sint ab est et voluptatibus occaecati. Omnis a sunt autem iusto quam omnis.\n\nUt ducimus dolor repellat illum. Velit dolorum hic dolorem nihil. Ea dolore explicabo nemo.', '2026-01-19 03:18:54', '2026-01-28 16:42:27'),
(80, 31, 56, 'cvs/sample_cv.pdf', 'pending', 'Vitae pariatur quia consectetur distinctio. Et possimus voluptatem sint debitis unde est porro. Quo dolor doloribus cum. Qui facere voluptas dignissimos fugiat non reiciendis voluptas.\n\nRem mollitia ut assumenda voluptas itaque temporibus rerum. Et molestias reprehenderit consequuntur natus voluptas nihil eaque. Aut et dolorem maiores voluptas qui aut. Pariatur dolor tempora expedita in omnis quo molestias.', '2026-01-08 16:18:03', '2026-01-28 16:42:27'),
(81, 47, 56, 'cvs/sample_cv.pdf', 'pending', 'Libero et consectetur consectetur sed ipsam provident dicta quibusdam. Expedita et facilis id blanditiis. Quos sunt consequatur commodi et enim commodi.\n\nMollitia perferendis ducimus natus autem. Aperiam qui ut odio sit ipsa dolores sit. Dolore fuga labore ut nostrum qui. Expedita est voluptatem perferendis similique facilis blanditiis.', '2026-01-23 12:24:01', '2026-01-28 16:42:27'),
(82, 90, 56, 'cvs/sample_cv.pdf', 'pending', 'Consequuntur ea aut dolorem autem rerum. Et sint possimus ut ab. Ab ut nam molestiae. Sequi repellendus eveniet optio.\n\nIn commodi impedit et quo ullam exercitationem. Odio et consequuntur magnam culpa delectus similique debitis. Ut ut ad vel.', '2026-01-14 02:13:13', '2026-01-28 16:42:27'),
(83, 19, 57, 'cvs/sample_cv.pdf', 'accepted', 'Sunt ipsam officia rerum error. Labore rerum non dolorem et. Voluptatem sed libero nam occaecati qui facilis.\n\nNumquam molestiae magni qui dolores dolorum corporis. Quia sapiente quo esse est quas.', '2026-01-15 04:40:39', '2026-01-28 16:42:27'),
(84, 41, 58, 'cvs/sample_cv.pdf', 'rejected', 'Qui ab ad voluptatem debitis iure ipsam hic. Deserunt dolor hic eos incidunt expedita ducimus. Laudantium nihil eligendi voluptatem.\n\nQuos eligendi consectetur nam omnis sequi praesentium. Omnis illum eos tempora qui provident. Sint sint similique molestiae qui dicta. Corporis consectetur et iusto et libero.', '2026-01-12 21:12:09', '2026-01-28 16:42:27'),
(85, 68, 58, 'cvs/sample_cv.pdf', 'pending', 'Laborum sit et repellendus omnis dolore est odit. Et repellat quis est et architecto. Ipsam autem ullam molestiae impedit voluptatem excepturi.\n\nIllo qui nam qui sit. Eligendi enim repudiandae veniam fugiat. Eum et vel ullam debitis minus. Quae maxime delectus recusandae a autem. Impedit sequi asperiores id molestiae voluptatem ut sunt.', '2025-12-30 10:20:50', '2026-01-28 16:42:27'),
(86, 72, 58, 'cvs/sample_cv.pdf', 'pending', 'Et sit ducimus atque sed omnis perspiciatis. Ipsam culpa magni maxime dolorem molestiae pariatur temporibus. Dolor sed laborum vel nam voluptatem.\n\nQuasi enim deserunt accusantium quis. Dolor illo aut sit illum. Quis quasi officiis dolorem sint quibusdam incidunt. Unde molestiae ipsa necessitatibus aut dolorum.', '2026-01-16 23:06:43', '2026-01-28 16:42:27'),
(87, 97, 58, 'cvs/sample_cv.pdf', 'accepted', 'Nisi voluptas ducimus accusantium et voluptas veritatis. Assumenda excepturi et optio voluptatibus et sed dolorem. Accusantium ut blanditiis numquam quia sint doloribus dolore.\n\nVoluptatem reiciendis doloribus sit vel. Cum sint et blanditiis. Qui rerum doloribus dolores corporis dolor inventore a sint.', '2026-01-03 05:13:24', '2026-01-28 16:42:27'),
(88, 48, 59, 'cvs/sample_cv.pdf', 'accepted', 'Est ab aut sed pariatur voluptatem dolores. Modi tempora expedita enim modi consequatur repellat asperiores.\n\nRerum eos aut totam. Molestias consequuntur id officiis est autem dolorem. Esse enim itaque consequatur incidunt animi eligendi quasi.', '2026-01-26 03:51:38', '2026-01-28 16:42:27'),
(89, 89, 59, 'cvs/sample_cv.pdf', 'pending', 'Sit assumenda inventore quia recusandae molestias. Voluptas voluptatem cupiditate sequi sed provident aut adipisci.\n\nQuia molestias assumenda ea omnis qui dolor odio. Suscipit id praesentium expedita recusandae illo. Qui hic aspernatur numquam. Non sit necessitatibus cumque quae ab ut.', '2026-01-25 16:34:52', '2026-01-28 16:42:27'),
(90, 91, 59, 'cvs/sample_cv.pdf', 'pending', 'Cum ut dolor debitis. Vel dolorum error in eligendi aspernatur. Dolores aspernatur quidem et sunt.\n\nDolor reprehenderit aut suscipit veritatis quo. Sit rem hic autem sequi ut harum. Rerum rerum labore amet aut ipsum. Harum quis cumque aperiam quidem temporibus et excepturi.', '2026-01-26 06:58:52', '2026-01-28 16:42:27'),
(91, 93, 60, 'cvs/sample_cv.pdf', 'rejected', 'Repellendus quisquam quibusdam molestiae et quasi enim. Aut voluptate voluptates quas quia dolorum sit. Officiis et a blanditiis totam. Ut error tempora eius explicabo.\n\nNostrum magni architecto omnis modi. Sunt illum aut inventore eveniet. Placeat quis deleniti et vero asperiores eveniet. Dicta sit nesciunt sequi commodi soluta sequi.', '2026-01-11 23:16:44', '2026-01-28 16:42:27'),
(92, 96, 60, 'cvs/sample_cv.pdf', 'accepted', 'Eos labore enim harum voluptatibus quo deserunt. Sint ut et voluptas. Quia culpa ab perferendis nostrum eos.\n\nReprehenderit soluta quis cupiditate exercitationem rerum nostrum quis. Ipsam porro accusantium vero magni voluptate ut officiis. Aut expedita officia dolorum quod aut non ipsa. Consectetur ut incidunt fugit dolore nesciunt sed.', '2026-01-15 13:16:48', '2026-01-28 16:42:27'),
(93, 112, 60, 'cvs/sample_cv.pdf', 'rejected', 'Explicabo in et omnis dolor libero similique voluptatem. Dolores quae corrupti velit ut et minima id. Sit voluptas iste id ea ut nisi. Dignissimos laborum maxime est fugiat reiciendis.\n\nVero in odit non consequatur. Et rerum sed totam deserunt eveniet aut velit alias. Ab aliquid qui veritatis voluptates porro. Eligendi repellendus dolores aut et.', '2026-01-23 22:26:08', '2026-01-28 16:42:27'),
(94, 65, 61, 'cvs/sample_cv.pdf', 'pending', 'Temporibus reiciendis ducimus maiores quisquam est et amet. Consequatur omnis quia eos. Deleniti et quaerat dolor quia. Natus optio veritatis officia ut placeat et quae enim.\n\nDolore consequuntur perferendis aut harum. Porro aut veniam impedit error reprehenderit rerum. Ea adipisci dolor adipisci voluptas ab asperiores.', '2026-01-24 23:20:12', '2026-01-28 16:42:27'),
(95, 70, 61, 'cvs/sample_cv.pdf', 'pending', 'Qui ipsum blanditiis magnam placeat consequatur suscipit consequatur. Doloremque architecto aperiam laborum aut molestiae. Minus id excepturi expedita eos beatae at. Qui commodi autem sit quia.\n\nRepellat sit ipsam enim placeat nihil. Numquam aspernatur optio at ut. Quaerat similique nemo tempora debitis quasi temporibus.', '2026-01-19 03:58:05', '2026-01-28 16:42:27'),
(96, 19, 62, 'cvs/sample_cv.pdf', 'accepted', 'Dolores fugit facilis est natus in. Aspernatur omnis aliquid provident voluptatibus delectus. Similique unde sed illum veniam quae veniam. Quia earum natus quia ab.\n\nEt ut rerum velit blanditiis nihil qui eius. Nostrum ratione officiis maiores voluptas esse. Voluptatem omnis vero dolore magni necessitatibus ipsa. Ipsa distinctio voluptatem est in sint ipsam rerum.', '2026-01-19 10:39:41', '2026-01-28 16:42:27'),
(97, 24, 62, 'cvs/sample_cv.pdf', 'rejected', 'Quo laborum repudiandae architecto vero repellendus. Inventore nulla dolorem modi est numquam. Fugit qui aut ut assumenda. Quidem voluptate eos sapiente blanditiis ex molestiae.\n\nSit architecto modi quas totam. Velit dolores quibusdam quod nostrum natus quis. Consequuntur nisi sunt eum odit eligendi corrupti. Autem dolorum illo possimus qui id consequuntur numquam.', '2026-01-13 12:06:43', '2026-01-28 16:42:27'),
(98, 57, 63, 'cvs/sample_cv.pdf', 'rejected', 'Voluptatem ratione reprehenderit eum incidunt in ut beatae. Enim numquam voluptatem rerum et. Debitis quos et aut. Fugiat delectus consequatur pariatur ut.\n\nDeleniti totam qui molestias cum possimus. Ea temporibus incidunt nostrum sint odit. Voluptatem accusamus laudantium consequatur enim sunt quisquam.', '2026-01-22 00:52:00', '2026-01-28 16:42:27'),
(99, 91, 63, 'cvs/sample_cv.pdf', 'pending', 'Illum quia cum deserunt omnis reiciendis modi. Saepe cumque adipisci et odio perspiciatis harum. Temporibus nostrum porro perspiciatis molestias illo non reiciendis.\n\nSunt cumque voluptas molestiae corrupti. Aut laboriosam id cupiditate minus. Non eaque accusamus sequi quidem quam commodi.', '2026-01-10 12:54:50', '2026-01-28 16:42:27'),
(100, 88, 64, 'cvs/sample_cv.pdf', 'pending', 'Nobis ut et doloribus. Nam assumenda aut aliquid omnis omnis rerum nesciunt. Sed laboriosam quod ut sed est. Atque omnis voluptas qui id amet molestiae.\n\nAutem accusamus nobis atque aut minus aliquam illo. Esse velit molestiae qui molestiae iure molestiae est. Mollitia aut deserunt quis inventore. Ducimus voluptas doloribus odit.', '2026-01-21 07:44:37', '2026-01-28 16:42:27'),
(101, 97, 64, 'cvs/sample_cv.pdf', 'pending', 'Reprehenderit omnis aspernatur dignissimos dolores dolor dolore ipsa voluptates. Eaque excepturi qui culpa facere nesciunt harum. Perspiciatis sunt necessitatibus voluptas fugit dignissimos voluptatum.\n\nVoluptatem omnis aspernatur in et voluptas aut modi. Ratione nobis harum voluptatem minima velit amet quo vitae. Et accusantium explicabo consequuntur deserunt.', '2026-01-02 17:13:06', '2026-01-28 16:42:27'),
(102, 3, 65, 'cvs/sample_cv.pdf', 'pending', 'Voluptas commodi est et rerum qui atque sint rem. Ducimus aperiam voluptatem labore laudantium. Et nobis aut recusandae quaerat quidem temporibus. Ipsam dolor ullam sed tenetur. Non vitae aut aut ipsa et optio.\n\nSit vitae laboriosam veniam voluptas quas magni voluptatem ratione. Sunt tempore doloremque nemo voluptatem vel et repellendus. Velit reiciendis eveniet similique est consequatur inventore. Quia hic ullam nemo.', '2025-12-30 05:42:55', '2026-01-28 16:42:27'),
(103, 34, 65, 'cvs/sample_cv.pdf', 'pending', 'Occaecati eius suscipit sed laborum sequi fuga. Sit culpa eveniet dolores officiis qui voluptatem. Est quisquam libero magnam sint occaecati. Ex molestiae iste quis tempora sunt eos sit. Et quia officia facilis ad nulla numquam et.\n\nLabore dolores enim quibusdam eius ea. Culpa quia est placeat illum. Ex ipsa a reiciendis libero reprehenderit tempore. Vero qui vero incidunt doloremque et asperiores veniam consequatur.', '2026-01-03 23:58:03', '2026-01-28 16:42:27'),
(104, 75, 65, 'cvs/sample_cv.pdf', 'accepted', 'Qui praesentium recusandae laborum est quia. Aliquam voluptas nemo accusantium. Doloribus tempora et ex et est dicta.\n\nMagnam error repellat atque nisi ex expedita assumenda. Numquam repellendus dolores eos dolores sint voluptatum ea. Quisquam omnis laboriosam quidem sit veritatis commodi. Explicabo vitae aliquam non sed.', '2026-01-10 22:55:53', '2026-01-28 16:42:27'),
(105, 4, 66, 'cvs/sample_cv.pdf', 'pending', 'Ipsum unde nihil impedit dolore atque et culpa aperiam. Pariatur delectus ut cum omnis suscipit ducimus cupiditate dolorem. Error modi vitae eos beatae molestiae.\n\nDistinctio dolorum eum repudiandae iure sunt sint ex. Laboriosam quisquam ex quia error rerum quaerat ad. Iusto modi quam voluptatibus dolorem quisquam id beatae eum. Distinctio magnam temporibus necessitatibus aut.', '2025-12-30 23:35:02', '2026-01-28 16:42:27'),
(106, 21, 66, 'cvs/sample_cv.pdf', 'rejected', 'Sit accusantium consequatur ex rerum. Et velit distinctio earum occaecati. Est numquam dolorem veniam optio et. Quae aspernatur quos quia veniam accusantium tenetur.\n\nInventore doloremque qui molestiae. Neque aliquam a et quas ducimus odit ad. Est esse quasi error sunt illo excepturi reprehenderit qui. Quasi architecto nihil accusamus voluptate consequatur voluptas a.', '2026-01-11 02:35:28', '2026-01-28 16:42:27'),
(107, 110, 66, 'cvs/sample_cv.pdf', 'accepted', 'In omnis similique inventore sint et officiis velit modi. Repellendus consequuntur suscipit officiis modi non voluptas. Perferendis eveniet eum sunt aspernatur nemo nulla. Ut assumenda nemo dolores et animi qui.\n\nSoluta ut omnis et minima excepturi omnis at. Sunt sequi rerum adipisci qui. Placeat architecto et qui atque consectetur deserunt provident. Quia et accusamus ipsa quia magni molestiae.', '2026-01-10 08:26:07', '2026-01-28 16:42:27'),
(108, 116, 66, 'cvs/sample_cv.pdf', 'pending', 'Accusantium earum quis provident dolorem iste. Nulla aliquam vero inventore minus a id qui enim. Quas fugit porro sunt esse aut commodi rem. Voluptas eos et necessitatibus qui odio. Et velit enim repellendus minima quibusdam est.\n\nTempora alias magni minima perferendis. Qui molestiae tempora nihil. Et est aspernatur aperiam cupiditate ut officiis vero.', '2026-01-10 09:05:00', '2026-01-28 16:42:27'),
(109, 82, 67, 'cvs/sample_cv.pdf', 'rejected', 'Et qui neque in tempore. Non voluptatem vel ea. Cumque odio minima consequuntur officiis ducimus cumque. Adipisci qui aut voluptas fugiat sit aut.\n\nUt quis est quia. Ut accusamus ut qui nihil quia dignissimos et. Et odio minima culpa consequatur assumenda.', '2026-01-20 18:55:46', '2026-01-28 16:42:27'),
(110, 20, 68, 'cvs/sample_cv.pdf', 'accepted', 'Sapiente nihil qui aperiam ut. Expedita aut et dolorem consectetur et tempore. Dolorem quod quam laborum sunt sed.\n\nMinima nulla molestias sit illo. Ut officia perferendis dignissimos unde dicta illo. Quia recusandae eum rerum qui et animi.', '2026-01-02 12:21:14', '2026-01-28 16:42:27'),
(111, 31, 68, 'cvs/sample_cv.pdf', 'pending', 'Id sequi et unde non. Omnis sapiente ut est minus. Minus aspernatur iste asperiores enim voluptatibus corrupti. Expedita aperiam velit et voluptatem temporibus molestiae.\n\nAutem nobis iste officia aut omnis. Harum occaecati eius iste dolor placeat vel dolor. Ipsam et explicabo dolores maiores. Cumque quibusdam aut est dolores.', '2026-01-05 14:55:03', '2026-01-28 16:42:27'),
(112, 66, 68, 'cvs/sample_cv.pdf', 'pending', 'Consequatur vitae distinctio et ea cum. Facilis voluptas voluptas eum qui nesciunt quis. Illum repellendus qui non voluptatem. Dicta maiores voluptatum magni ratione tenetur. Nostrum eveniet porro magnam sint est exercitationem.\n\nQuaerat accusantium voluptate mollitia dolor. Vel fugit voluptate esse cumque ex esse. Enim quasi est neque adipisci quos aspernatur.', '2026-01-17 19:04:10', '2026-01-28 16:42:27'),
(113, 3, 69, 'cvs/sample_cv.pdf', 'pending', 'Beatae quis voluptatem ut porro et cupiditate. Totam at quidem ut aut. Qui voluptatum dicta enim iure nobis asperiores.\n\nMinus sunt nam in dolore ea autem. Sint qui pariatur rerum omnis nihil officia. Iusto et amet sapiente. Porro sint est sed at esse excepturi deleniti.', '2026-01-28 02:43:09', '2026-01-28 16:42:27'),
(114, 94, 69, 'cvs/sample_cv.pdf', 'pending', 'At modi voluptates exercitationem repudiandae quia. Et ipsam ad ut id ut voluptatem. Quia minima perspiciatis qui exercitationem. Alias illo libero vitae sint quia aliquam.\n\nAd eum ut eligendi. Nam sint eos error impedit laudantium id. Porro eius laborum ab accusantium eius facere enim.', '2026-01-12 16:53:57', '2026-01-28 16:42:27'),
(115, 24, 70, 'cvs/sample_cv.pdf', 'accepted', 'Maxime atque dolores aliquam unde. Repellendus ipsum quis ut et. Exercitationem et quos sapiente aperiam omnis sunt aliquam. Qui nostrum aut quo magni provident hic.\n\nCorrupti sed repudiandae consectetur molestiae omnis. Molestiae rerum dignissimos nam architecto suscipit laudantium quia. Neque commodi mollitia expedita placeat nesciunt quod possimus. Maiores quaerat rerum voluptatem.', '2025-12-30 22:18:31', '2026-01-28 16:42:27'),
(117, 18, 71, 'cvs/sample_cv.pdf', 'pending', 'Eligendi et harum nostrum voluptate. Cupiditate temporibus nulla ex aut pariatur. Voluptates reiciendis illo aut reprehenderit hic saepe. Aperiam ex maxime nobis at sed provident.\n\nDoloremque debitis eius labore est aspernatur autem. Vel saepe in consequatur et in mollitia. Veritatis et eaque blanditiis quaerat.', '2026-01-02 07:30:43', '2026-01-28 16:42:27'),
(119, 102, 71, 'cvs/sample_cv.pdf', 'pending', 'Est dolore nisi odit et animi dolorem odio. Dolorem voluptatum repudiandae quod quia enim velit quos rerum. Eum est sapiente quis voluptatem similique sint. Et quisquam eligendi minus voluptas quibusdam omnis tempora. Suscipit aliquid aut est voluptas molestias praesentium quae.\n\nAccusantium quia necessitatibus aut. Atque cupiditate quo asperiores alias id. Ad in sapiente accusamus molestias velit id ex. Dicta sint aperiam suscipit voluptatem illo asperiores.', '2026-01-22 07:43:30', '2026-01-28 16:42:27'),
(120, 70, 72, 'cvs/sample_cv.pdf', 'pending', 'Voluptas voluptate voluptas voluptatibus corrupti. Ea laudantium soluta alias voluptas nesciunt deleniti enim. Nulla modi provident blanditiis quisquam maiores exercitationem neque aliquam.\n\nAsperiores est atque officiis enim natus omnis aspernatur. Error sit harum totam. Quos et enim ipsa aut minus dolor doloribus.', '2026-01-21 16:32:28', '2026-01-28 16:42:27'),
(121, 105, 73, 'cvs/sample_cv.pdf', 'accepted', 'Et et ea id atque ducimus eos et. Veritatis sapiente eum repellendus doloribus odit inventore. Laborum quis et esse sed ab. Occaecati occaecati commodi adipisci et veritatis saepe est est. Odio eum delectus quis et.\n\nProvident accusantium ut in doloribus asperiores dolorum corrupti reprehenderit. Ut consequatur eos id odit in officiis. Aliquid possimus qui explicabo omnis nihil vitae aut quasi. Debitis recusandae ratione hic debitis fugit delectus.', '2026-01-06 09:45:10', '2026-01-28 16:42:27');

-- --------------------------------------------------------

--
-- Structure de la table `cache`
--

CREATE TABLE `cache` (
  `key` varchar(255) NOT NULL,
  `value` mediumtext NOT NULL,
  `expiration` int(11) NOT NULL
) ENGINE=InnoDB DEFAULT CHARSET=utf8mb4 COLLATE=utf8mb4_unicode_ci;

-- --------------------------------------------------------

--
-- Structure de la table `cache_locks`
--

CREATE TABLE `cache_locks` (
  `key` varchar(255) NOT NULL,
  `owner` varchar(255) NOT NULL,
  `expiration` int(11) NOT NULL
) ENGINE=InnoDB DEFAULT CHARSET=utf8mb4 COLLATE=utf8mb4_unicode_ci;

-- --------------------------------------------------------

--
-- Structure de la table `failed_jobs`
--

CREATE TABLE `failed_jobs` (
  `id` bigint(20) UNSIGNED NOT NULL,
  `uuid` varchar(255) NOT NULL,
  `connection` text NOT NULL,
  `queue` text NOT NULL,
  `payload` longtext NOT NULL,
  `exception` longtext NOT NULL,
  `failed_at` timestamp NOT NULL DEFAULT current_timestamp()
) ENGINE=InnoDB DEFAULT CHARSET=utf8mb4 COLLATE=utf8mb4_unicode_ci;

-- --------------------------------------------------------

--
-- Structure de la table `jobs`
--

CREATE TABLE `jobs` (
  `id` bigint(20) UNSIGNED NOT NULL,
  `queue` varchar(255) NOT NULL,
  `payload` longtext NOT NULL,
  `attempts` tinyint(3) UNSIGNED NOT NULL,
  `reserved_at` int(10) UNSIGNED DEFAULT NULL,
  `available_at` int(10) UNSIGNED NOT NULL,
  `created_at` int(10) UNSIGNED NOT NULL
) ENGINE=InnoDB DEFAULT CHARSET=utf8mb4 COLLATE=utf8mb4_unicode_ci;

-- --------------------------------------------------------

--
-- Structure de la table `job_batches`
--

CREATE TABLE `job_batches` (
  `id` varchar(255) NOT NULL,
  `name` varchar(255) NOT NULL,
  `total_jobs` int(11) NOT NULL,
  `pending_jobs` int(11) NOT NULL,
  `failed_jobs` int(11) NOT NULL,
  `failed_job_ids` longtext NOT NULL,
  `options` mediumtext DEFAULT NULL,
  `cancelled_at` int(11) DEFAULT NULL,
  `created_at` int(11) NOT NULL,
  `finished_at` int(11) DEFAULT NULL
) ENGINE=InnoDB DEFAULT CHARSET=utf8mb4 COLLATE=utf8mb4_unicode_ci;

-- --------------------------------------------------------

--
-- Structure de la table `job_postings`
--

CREATE TABLE `job_postings` (
  `id` bigint(20) UNSIGNED NOT NULL,
  `recruiter_id` bigint(20) UNSIGNED NOT NULL,
  `title` varchar(255) NOT NULL,
  `description` text NOT NULL,
  `location` varchar(255) NOT NULL,
  `contract_type` enum('full_time','part_time','contract','internship','freelance') NOT NULL,
  `salary` varchar(255) DEFAULT NULL,
  `status` enum('pending','active','expired','rejected') NOT NULL DEFAULT 'pending',
  `created_at` timestamp NULL DEFAULT NULL,
  `updated_at` timestamp NULL DEFAULT NULL
) ENGINE=InnoDB DEFAULT CHARSET=utf8mb4 COLLATE=utf8mb4_unicode_ci;

--
-- Déchargement des données de la table `job_postings`
--

INSERT INTO `job_postings` (`id`, `recruiter_id`, `title`, `description`, `location`, `contract_type`, `salary`, `status`, `created_at`, `updated_at`) VALUES
(1, 4, 'Chemical Technician', 'Error et autem perferendis qui impedit distinctio. Placeat sit illum ipsa sed debitis sit reprehenderit illo. Autem facere ipsum earum cumque et. Perferendis omnis molestiae reprehenderit consequatur nobis. Reprehenderit praesentium qui dignissimos tempore corrupti.\n\nDolores dolore officiis sit illum et pariatur mollitia. Alias quos velit temporibus nihil inventore. Maiores aut sit enim veritatis aliquam. Blanditiis aut qui quo atque debitis eos ducimus.\n\nVelit ducimus est quia est. Laudantium facere et voluptatum sit. Repudiandae non vitae commodi. Praesentium consequatur culpa rerum aut quasi.', 'Coreneside, Mauritius', 'part_time', '$76k/year', 'active', '2026-01-20 14:37:32', '2026-01-28 16:42:27'),
(2, 4, 'Financial Services Sales Agent', 'Explicabo dolorem qui tenetur blanditiis sequi. Eum consequuntur labore atque at. Alias qui esse esse maxime. Eligendi in et qui qui eaque.\n\nDoloribus amet optio distinctio iure laboriosam accusamus esse sunt. Quae est exercitationem placeat dolor. Itaque doloribus labore eligendi aliquam aliquam asperiores amet.\n\nOdio debitis debitis fuga aut necessitatibus. Fuga ipsum nihil sed quasi eum mollitia aut. Et consequatur minima praesentium consequatur non porro. Voluptate veniam in cupiditate illo numquam adipisci magnam.', 'North Destin, China', 'internship', '$101k/year', 'rejected', '2025-12-12 00:32:51', '2026-01-28 16:42:27'),
(3, 4, 'Electric Meter Installer', 'A magni ut consequatur doloribus neque. Et velit odio qui qui. Exercitationem necessitatibus placeat aliquid amet harum vero.\n\nQuia deserunt animi sunt quis. In architecto soluta sunt nihil est aut velit illum.\n\nDoloribus ad placeat repellendus. Exercitationem vel distinctio ex officia voluptatem nihil animi. Alias voluptas et facere. Consectetur omnis nihil facere deleniti eaque.', 'Audreybury, Syrian Arab Republic', 'full_time', '$97k/year', 'expired', '2025-11-29 04:11:05', '2026-01-28 16:42:27'),
(4, 4, 'Photographer', 'Provident saepe voluptas quia quibusdam. Error totam reprehenderit voluptate dolores hic. Harum harum voluptatem reiciendis alias facere tempora hic. Nam sequi molestias corrupti pariatur.\n\nEt nam placeat voluptatem dignissimos quia dolores quibusdam. Et aut saepe magni praesentium vero vel at porro.\n\nDolorem fuga et recusandae quia omnis quae. Maxime non eaque fugit rerum unde aut aliquid quos. Sed dolor iusto sequi nihil adipisci. Voluptates rerum dolor corporis occaecati.', 'North Misael, Zambia', 'contract', '$122k/year', 'rejected', '2026-01-19 14:25:09', '2026-01-28 16:47:47'),
(5, 4, 'Parking Enforcement Worker', 'Et est sit possimus et est. Consequuntur et voluptates velit odit qui natus eum. Sint est atque ipsam reiciendis. Doloribus ut dolores mollitia quisquam id rerum.\n\nDolorem a voluptatibus pariatur corrupti. Dicta et eveniet repellendus minus. Laborum voluptatem natus corporis possimus quia amet. Vel nemo ullam dolor aut. Quos vitae sequi sit qui sequi modi.\n\nProvident rem laboriosam temporibus soluta modi voluptas repudiandae. Mollitia et qui id aliquam doloremque. Quia at ea quia blanditiis.', 'East Rogelio, American Samoa', 'contract', '$110k/year', 'active', '2026-01-14 03:55:01', '2026-01-28 16:42:27'),
(6, 4, 'Logging Tractor Operator', 'Recusandae pariatur optio aut. Repellendus temporibus debitis quae recusandae. Sit itaque dicta vitae vitae et numquam ut. Et iusto labore repellat dolor ut distinctio. Maxime cumque deserunt veniam saepe magnam quod tempora.\n\nSint repellendus ut id facere dicta possimus. Quae aut qui sunt minima eum doloremque. At laboriosam officia quo nisi et dolores.\n\nModi sed nihil nihil quia. Dolores earum totam qui tenetur qui. Velit ut et culpa quia ipsa et necessitatibus eveniet. Error alias quis aperiam.', 'South Harmony, Bhutan', 'full_time', '$146k/year', 'active', '2026-01-18 01:34:20', '2026-01-28 16:42:27'),
(7, 4, 'Precision Instrument Repairer', 'Mollitia tenetur ut suscipit sequi debitis dolor temporibus. Aut expedita et qui rerum error ut id qui. Enim id rem sit commodi adipisci enim.\n\nTempore velit sed ipsum molestiae odit voluptate dolor qui. Id pariatur qui reprehenderit qui. Asperiores quod autem sint qui voluptatibus.\n\nBlanditiis in eum quod sit. Qui accusamus amet aut ut quia repellat. Nihil veritatis est adipisci odit quia animi. Et dolore fuga quo alias voluptatem ducimus.', 'Olenburgh, Nicaragua', 'full_time', '$145k/year', 'rejected', '2025-12-28 11:53:55', '2026-01-28 16:47:59'),
(8, 5, 'Philosophy and Religion Teacher', 'Accusamus impedit alias laborum et et quod. Aut qui soluta tenetur fugiat accusamus recusandae. Dolorum consequatur voluptatem perferendis repellendus quo asperiores voluptatem.\n\nRerum est pariatur vel aut sit. Deleniti tenetur quasi dignissimos. Et quidem adipisci voluptate impedit accusantium sit maiores. Numquam expedita quasi voluptatem quod praesentium aut sint et.\n\nQuod adipisci quia aut ipsum. Nesciunt voluptatem quia sed odio. Excepturi voluptatem ab totam itaque nam. Repudiandae quo fugiat aliquid quo saepe dolorem voluptatem.', 'Damienton, Taiwan', 'freelance', '$149k/year', 'active', '2026-01-06 18:30:10', '2026-01-28 16:42:27'),
(9, 5, 'Civil Drafter', 'Aut aut nihil veniam eveniet est voluptatibus. Inventore assumenda earum excepturi praesentium hic nihil. Id earum quae ut dignissimos impedit ipsum ratione. Ut sit aspernatur tempore cumque consequatur.\n\nQuaerat cumque nihil possimus adipisci. Est nihil quidem ut et maiores voluptatem. Praesentium facere quia est.\n\nAliquid eum reprehenderit omnis voluptas sit exercitationem ipsum. Magni ea culpa ex. Saepe ipsum et et. Vel amet quis quis.', 'Goyetteville, Russian Federation', 'part_time', '$140k/year', 'expired', '2025-12-14 17:07:07', '2026-01-28 16:42:27'),
(10, 5, 'Millwright', 'Totam eos blanditiis vel facilis voluptatem. Earum velit eos ea eum et. Blanditiis odio necessitatibus exercitationem ea exercitationem.\n\nPerspiciatis molestiae et quia aliquid qui ex. Qui ex maiores et ratione. Enim ut maiores et ut. In aut non rerum est ut sed doloremque.\n\nMolestias eius autem non sed ut est veritatis. Ut vel alias quia quisquam et omnis. Non magni facilis ut soluta. Reprehenderit repellat facere quasi vel enim eos.', 'Oleberg, Chad', 'freelance', '$101k/year', 'active', '2026-01-07 15:15:35', '2026-01-28 16:42:27'),
(11, 5, 'Engineer', 'Dignissimos possimus harum autem consequuntur fugit sit. Harum alias quibusdam voluptate harum dolor et. Est provident velit aut nobis est dolorum.\n\nAnimi recusandae dolores occaecati omnis. Non repellat et deleniti voluptates aut alias. Modi dicta omnis sit quod nobis eius tempore. Eum eaque qui et quia voluptates.\n\nUllam cum quo in non aperiam reiciendis est non. Enim dignissimos quidem consequuntur maiores non quia voluptatibus. Unde hic est molestiae nulla deserunt.', 'Hickleshire, Philippines', 'freelance', '$99k/year', 'expired', '2025-12-09 14:05:42', '2026-01-28 16:42:27'),
(12, 5, 'Clinical Laboratory Technician', 'Sint dignissimos iste et dicta. Accusamus velit officia earum facilis labore. Eveniet consequatur nam vel earum omnis autem facere. Facilis ut laboriosam voluptatem sunt tenetur et consectetur.\n\nExercitationem quo omnis nihil in rerum omnis ut consequatur. Qui distinctio accusantium porro eius. Cupiditate alias fugit recusandae voluptas ullam.\n\nQui qui est aspernatur eos rem iste ad. Vitae perferendis debitis aut. Quam ipsam illum eum in.', 'Port Ashton, Samoa', 'internship', '$117k/year', 'active', '2026-01-07 07:12:37', '2026-01-28 16:42:27'),
(13, 5, 'Photographic Restorer', 'Ea et quod consequatur beatae ex reprehenderit. Quia quas fugiat blanditiis qui. Recusandae quia illo non omnis totam. Reprehenderit magnam eos sunt fugiat fugit. Enim velit ipsa et necessitatibus dolor molestiae.\n\nDolor et nisi dolore libero. Nobis est esse quasi iure. Enim ab ipsam deserunt temporibus dolore animi est. Vero qui incidunt dicta a.\n\nRerum sint dolorem quia. Molestiae voluptas officiis earum illum sapiente culpa. Molestiae voluptas et dolor qui qui voluptatum tempore possimus.', 'Shanahanside, Bangladesh', 'part_time', '$80k/year', 'active', '2025-12-17 08:44:41', '2026-01-28 16:42:27'),
(14, 5, 'Cook', 'Expedita a praesentium sed velit assumenda. Illo nam fuga asperiores harum et et. Praesentium reiciendis cum ducimus doloribus excepturi.\n\nDolor ut qui qui deserunt ab id. Repellat omnis quia voluptas. Molestiae sit aspernatur voluptatem voluptatem. Impedit quia nemo in sit in magni sed.\n\nEa ducimus quia explicabo temporibus. Fugiat blanditiis fugiat illo omnis eius in. Qui hic deserunt nihil.', 'New Kurtisbury, Bahamas', 'part_time', '$130k/year', 'rejected', '2025-12-05 06:29:29', '2026-01-28 16:42:27'),
(15, 5, 'Deburring Machine Operator', 'Eius sunt eum dolorem distinctio. Consequatur error perspiciatis voluptas facere. Similique veniam eveniet nemo inventore suscipit est.\n\nQuos iure nulla quia id et. Est eos dolorum sed esse sit. Non id fugiat amet quam inventore laboriosam. Reprehenderit excepturi qui consequatur minima quia accusamus labore.\n\nSed voluptatem consequatur iste sit nostrum vitae. Perferendis non repudiandae magni sunt nam rerum dicta.', 'Augustinemouth, Uruguay', 'freelance', '$93k/year', 'active', '2026-01-02 06:53:31', '2026-01-28 16:47:49'),
(16, 6, 'Fire Investigator', 'Sint rerum ex ipsum. Cumque omnis et assumenda quo ipsum. Eum qui non amet ut.\n\nPariatur tempora dignissimos provident est sequi soluta ipsam non. Eaque soluta mollitia quis incidunt inventore totam consequuntur tempora. Voluptates nobis impedit qui autem. Odio voluptatem odit impedit voluptatem neque qui ut et. Labore ut architecto expedita molestias cum cupiditate fuga aut.\n\nCorporis molestias quia commodi aut aut. Neque fugiat sequi laboriosam inventore sed aperiam. Minima dignissimos incidunt impedit dolor.', 'Weissnatside, Togo', 'part_time', '$44k/year', 'rejected', '2026-01-24 18:42:44', '2026-01-28 16:45:09'),
(17, 6, 'Animal Husbandry Worker', 'Veniam atque explicabo est dolores ipsum fuga odio. Mollitia repellat qui sit voluptas. Consequatur voluptates inventore eius reiciendis doloribus sed. Ad quas accusantium praesentium unde iure facilis quo.\n\nQuasi esse aut et. A voluptatibus repudiandae dolorum possimus voluptatem nam quos. Mollitia voluptatum et dolores voluptatum quo illum. Et id eos dolores dignissimos.\n\nBlanditiis mollitia similique facilis ut consequatur dolorem ullam. Consectetur minima ea repellat quae dolorem nostrum ut. Sint fugiat voluptatem praesentium consectetur dolor a aut iusto. Et rem id similique id omnis corrupti.', 'Margarettachester, San Marino', 'full_time', '$63k/year', 'active', '2025-12-23 15:13:59', '2026-01-28 16:42:27'),
(18, 6, 'Computer Programmer', 'Nam et et neque voluptatem. Minus recusandae doloremque eos nulla aliquam et quia. Consequatur asperiores dolores qui aut ut. Porro libero maiores omnis dolore molestiae. Est amet voluptas animi ut rem.\n\nUt molestias dicta perspiciatis et qui. Iste odit et et veritatis fugiat provident similique sit. Officia a occaecati et ipsa.\n\nVel animi labore consequatur aut necessitatibus. Dolores voluptatem tenetur odio dolor ut consectetur. Velit cum omnis dolorem. Vel consequatur aut reprehenderit.', 'Clarkfort, Saint Martin', 'contract', '$50k/year', 'rejected', '2025-12-30 17:35:34', '2026-01-28 16:42:27'),
(19, 6, 'Mixing and Blending Machine Operator', 'Aperiam optio et nobis est est. Tempora id corporis sunt assumenda modi similique. Nihil veritatis atque perspiciatis laborum beatae quaerat asperiores.\n\nPossimus quibusdam exercitationem dicta. Consequatur consequuntur dolorum nemo facilis fugiat.\n\nMagnam doloribus mollitia velit nesciunt architecto accusantium. Libero autem consequuntur libero voluptatem ea accusantium illo. Unde voluptas esse veritatis aliquid.', 'Swiftshire, Jordan', 'internship', '$96k/year', 'active', '2026-01-06 07:25:47', '2026-01-28 16:42:27'),
(20, 6, 'Purchasing Manager', 'Quo quasi laboriosam qui amet. Voluptas pariatur eius eligendi voluptas.\n\nEst atque eos debitis quia nobis. Molestias nobis ut porro. Vel earum recusandae porro neque.\n\nMaxime quos quas voluptatem dolores quia adipisci. Est libero non reiciendis sed labore dolorem nobis.', 'Cobyberg, Niue', 'full_time', '$41k/year', 'rejected', '2026-01-01 12:10:32', '2026-01-28 16:42:27'),
(21, 6, 'Secretary', 'Est odit sit et. Quibusdam quos quis quisquam eum occaecati. Aperiam harum aut quae illum nulla omnis. Totam sit quo velit culpa perferendis inventore.\n\nVelit laborum labore voluptatem dolorum distinctio. Voluptas rem aliquam totam delectus error aut incidunt. Ut sed nam animi.\n\nNon vel corporis quo temporibus quisquam dolorum. Soluta tenetur nemo quas aperiam odio beatae. Aut quas quis amet vel officiis. Numquam officiis cupiditate non dignissimos tempora numquam eum.', 'New Blaise, Ukraine', 'internship', '$77k/year', 'active', '2025-11-30 01:26:02', '2026-01-28 16:42:27'),
(22, 7, 'Irradiated-Fuel Handler', 'Sequi ut commodi impedit iste adipisci vel. Quibusdam error dignissimos quidem molestiae. Dolorum amet ut ullam natus laboriosam aut iusto architecto.\n\nDistinctio suscipit vero sequi. Ab earum consequatur hic libero veniam aut rerum. Voluptas pariatur provident vero laborum tenetur perferendis dolore. Ratione laudantium rem quia facere reiciendis repellendus in sit. At velit assumenda aut eligendi dolor repellat libero autem.\n\nError adipisci rerum amet et. Dolorem consequuntur omnis dolorem aliquid. Laudantium totam magnam rerum iusto aut provident sed eveniet.', 'West Darrion, Oman', 'internship', '$114k/year', 'active', '2026-01-14 04:10:48', '2026-01-28 16:42:27'),
(23, 7, 'Event Planner', 'Et libero quod at est. Doloribus corporis et sit non. Nesciunt sed adipisci quia quibusdam hic inventore. Eius dolore voluptas incidunt saepe.\n\nMinus voluptates delectus qui est deleniti libero vitae. Qui rerum incidunt suscipit ut. Placeat laborum nesciunt nam at molestiae praesentium aut.\n\nUnde est eos debitis quibusdam quisquam quo. Molestias aut ut earum eum. Natus dolor amet ex culpa ea.', 'Lake Bellchester, Estonia', 'internship', '$145k/year', 'expired', '2025-12-12 12:53:04', '2026-01-28 16:42:27'),
(24, 7, 'Geological Sample Test Technician', 'Non sit non facere suscipit. Nesciunt adipisci eos sint aut alias. Voluptatem omnis ipsum ad ad molestias alias.\n\nAut sint consequatur eaque quis. Eos maiores atque quam.\n\nSunt quis aut impedit ut et sequi. Expedita voluptatibus quo libero veritatis expedita reprehenderit. Consequatur consequatur ipsa sequi magni quo omnis harum.', 'East Shirleyfort, Albania', 'freelance', '$79k/year', 'active', '2025-12-17 13:19:39', '2026-01-28 16:42:27'),
(25, 7, 'Music Arranger and Orchestrator', 'Dolor earum est ipsa et nemo. Voluptatem vel animi nobis molestiae. Qui odit ratione et reprehenderit qui ipsum et debitis. Voluptatem numquam ullam debitis pariatur.\n\nPariatur eos eveniet delectus laudantium suscipit ratione. Earum reprehenderit assumenda cumque soluta sapiente. Ipsam officia et et recusandae.\n\nUnde amet nisi est aut. Sunt non sint et et nisi. Optio in totam ipsum veritatis consequuntur adipisci. Quis quam non explicabo recusandae velit. Totam omnis nesciunt in distinctio ut officia.', 'Larissafurt, New Zealand', 'internship', '$68k/year', 'active', '2025-12-17 17:20:55', '2026-01-28 16:42:27'),
(26, 8, 'Electrical Parts Reconditioner', 'Perspiciatis a nesciunt veritatis voluptates pariatur similique. Distinctio omnis id impedit velit. Ipsa consequatur alias et eum et. A voluptas pariatur et adipisci.\n\nRecusandae velit qui quis ducimus quaerat minima. Velit fugit ratione ut unde qui sapiente. Ex et sed nihil recusandae tempora. Perspiciatis et molestiae officia non.\n\nIure doloribus sit voluptatem fugiat. Nobis vero eos ut non quia nobis laudantium. Et maiores explicabo et.', 'Denesikstad, Canada', 'contract', '$56k/year', 'rejected', '2026-01-05 00:44:48', '2026-01-28 16:42:27'),
(27, 8, 'Home Economics Teacher', 'Ipsa minima consectetur omnis aut. In quisquam iure qui non. Qui modi eaque voluptatem laudantium voluptatum similique error vero.\n\nDucimus est perspiciatis culpa ratione alias. Est perspiciatis provident soluta repudiandae et ratione at. Temporibus veritatis et maxime harum. Et nulla incidunt ut nulla sed omnis.\n\nEst eum omnis eius voluptatem consectetur quod. Commodi quia voluptate quo id eum. Quis dolor blanditiis molestiae sunt sed dolorem et. Dicta aut velit pariatur molestiae sint illum. Totam dolorem perspiciatis odio a ut cumque.', 'South Javonte, Saint Kitts and Nevis', 'part_time', '$97k/year', 'active', '2026-01-11 03:14:31', '2026-01-28 16:42:27'),
(28, 8, 'Telecommunications Equipment Installer', 'Et cum est aliquam. Dolor modi qui hic quas perspiciatis exercitationem harum. Dolorem culpa et qui necessitatibus eveniet est.\n\nPraesentium et ratione incidunt voluptatum at ut sapiente qui. Ut repellendus consequatur ullam vel. Sit perferendis accusamus natus molestiae porro. Esse repellendus et vero sit dolorum.\n\nVel blanditiis reprehenderit minus atque qui harum consequatur repellat. Corrupti totam ducimus non et quia qui. Cum laboriosam voluptatem soluta necessitatibus sint quasi. Dolorem sed ipsa harum vero. Ea culpa aut esse quia.', 'North Avis, Paraguay', 'freelance', '$72k/year', 'active', '2025-12-04 03:24:59', '2026-01-28 16:42:27'),
(29, 8, 'Customer Service Representative', 'Porro est est perferendis accusantium dignissimos vel. Omnis quisquam eligendi doloribus ex illo. Aut odio odit quidem commodi ut. Et neque aut sunt aut ut.\n\nTempore voluptatum voluptatem facilis. Et nihil et eum eveniet in dolore. Iure et occaecati perspiciatis est. Reprehenderit ipsa vitae officiis vel consequatur porro ex sed. Dolorem laboriosam provident itaque velit omnis corporis veritatis.\n\nCupiditate molestiae eos neque ratione. Aut exercitationem debitis delectus est impedit. Voluptatem quibusdam ut non doloribus ipsum qui.', 'Millsmouth, Faroe Islands', 'freelance', '$57k/year', 'expired', '2025-12-13 06:10:03', '2026-01-28 16:42:27'),
(30, 8, 'Parts Salesperson', 'Aut voluptates atque non quia sunt quos. Id eius et et eos cum alias sit qui. Dignissimos quis odio omnis sed. Eos qui a ex maiores temporibus illum fuga.\n\nAssumenda dicta distinctio ipsam saepe eum eveniet. Assumenda voluptatem reprehenderit id qui ipsa sed deleniti.\n\nVoluptas velit repellat qui in non tempora a. Omnis ut eveniet molestiae et repellat. Ut vitae numquam impedit molestiae maxime aut. Sit maiores laudantium quis totam earum.', 'Pricefurt, Honduras', 'contract', '$133k/year', 'rejected', '2025-12-09 18:59:03', '2026-01-28 16:48:03'),
(31, 8, 'Photoengraver', 'Et dolorem velit ea. Impedit quia quia accusamus similique ea sit. Ut cum in dolores aperiam necessitatibus omnis expedita dolores. Omnis ipsum aut aut tempora ipsam nesciunt. Et eveniet totam quae numquam veniam sequi et.\n\nPerspiciatis quisquam distinctio et aut odit sed. Est laborum cupiditate distinctio pariatur et qui voluptas voluptatibus. Quia amet et qui est quis amet. Qui fugiat et hic.\n\nIllum molestiae cupiditate occaecati ea. Voluptate exercitationem distinctio consequatur voluptatem reprehenderit repellendus. Et nulla sed quisquam quaerat et nobis voluptatem.', 'Port Chadd, Montenegro', 'internship', '$58k/year', 'active', '2025-12-27 11:37:02', '2026-01-28 16:42:27'),
(32, 9, 'Stonemason', 'Possimus eveniet illo dolores mollitia quis eum. Id quo quod quia accusantium. Vel unde iste consequatur atque nulla provident fugiat. Id debitis eos sint beatae tempore ullam.\n\nCorrupti enim tempora est aut vel eaque voluptatem. Non sed et aperiam quo sit velit magni. Totam qui ducimus voluptatibus non voluptate. Labore beatae adipisci qui voluptates ea libero.\n\nDelectus pariatur iure est inventore est aliquid. Sint similique porro vero recusandae. Debitis totam consequuntur numquam accusamus delectus est provident.', 'Armstrongton, Netherlands', 'contract', '$130k/year', 'expired', '2025-12-17 15:11:40', '2026-01-28 16:42:27'),
(33, 9, 'School Social Worker', 'Suscipit pariatur non magnam neque iste. Perferendis omnis ut dolor officia. Aspernatur ipsum labore quis sunt. Dicta voluptatem est vel ut.\n\nDelectus itaque incidunt enim sapiente repellat eaque sit. Aut earum est deserunt laudantium est. Ipsam suscipit repellat deleniti quis natus expedita pariatur voluptas. Ut est ut ut dolorem.\n\nQui a nemo ut. Earum vel voluptatem minima et placeat. Eos nostrum qui voluptates ipsam blanditiis. Dolores eum odio voluptas fugit a natus. Provident dolor est at ut est.', 'Port Janiya, Venezuela', 'part_time', '$119k/year', 'expired', '2026-01-08 20:18:37', '2026-01-28 16:42:27'),
(34, 9, 'Captain', 'Nihil nihil et explicabo at beatae nulla esse deserunt. Vel rerum est et nihil voluptatem dicta vero. Cumque iste provident voluptas ipsum.\n\nUt accusamus earum voluptatem quia quisquam qui officiis rerum. Soluta perferendis officia non labore adipisci. Quasi sit in dolor voluptate laboriosam explicabo ipsum. Ullam iure ut vitae veritatis et aut.\n\nQuibusdam sequi culpa voluptatibus. Commodi et sunt qui tenetur quis cupiditate. Unde ut sed ea qui aut enim. Incidunt ea cum vel odio fugit.', 'Marianeville, Guernsey', 'freelance', '$82k/year', 'pending', '2025-12-03 15:32:24', '2026-01-28 16:42:27'),
(35, 9, 'Diesel Engine Specialist', 'Sapiente sed incidunt quod provident molestias sunt. Dolore eos consequatur est accusantium sit sit porro. Ullam et recusandae quas. Provident et praesentium dolor qui magnam vero. Voluptas quaerat porro quos laborum quidem eos.\n\nVero itaque sunt quasi rerum sunt quas qui. Quas aut quae at perferendis beatae qui. Et ipsa voluptatibus maxime quia dignissimos vitae. Libero numquam pariatur vel dolorum excepturi id autem. Nesciunt illum sed doloremque voluptas ullam.\n\nExercitationem officiis voluptas rem eius et minus voluptatem. Distinctio rem dolore quia laboriosam consequatur similique ipsum reiciendis. Adipisci in saepe amet nulla odio autem repellat quas. Et et ut sequi sit.', 'Elnafurt, Syrian Arab Republic', 'part_time', '$114k/year', 'rejected', '2026-01-11 21:31:24', '2026-01-28 16:42:27'),
(36, 9, 'Aerospace Engineer', 'Cumque sint non quasi consectetur ipsam laborum inventore. Dolore iusto velit adipisci commodi. Blanditiis asperiores perspiciatis aut quia et. Laborum aliquid dolorem similique sunt saepe aliquam aperiam explicabo.\n\nMagni mollitia iusto eos aut. Natus fugit vitae in vel placeat sed dolore. Laborum magni voluptatem quis voluptas aut. Sint id provident molestias nobis et porro.\n\nFacilis temporibus quisquam corporis est aut. Velit quo ut qui deserunt officiis dolore magni. Impedit et corporis eius tenetur qui. Quisquam repellat ut et cupiditate. Nihil vel ut sit perferendis consectetur.', 'Francescaberg, Montserrat', 'freelance', '$58k/year', 'expired', '2026-01-19 12:02:03', '2026-01-28 16:42:27'),
(37, 9, 'Calibration Technician OR Instrumentation Technician', 'Adipisci facere accusantium qui est rerum doloribus. Animi harum temporibus et sunt ut enim. Recusandae rerum et voluptas non magni amet.\n\nExpedita modi amet sapiente sequi mollitia laudantium. Consequatur quod sed facilis. Labore eius consequatur architecto accusamus autem sit explicabo.\n\nPerspiciatis repudiandae placeat quis ut voluptas sequi accusantium. Ab animi corporis corporis hic autem similique. Ut beatae quo est non. Eveniet consequatur alias rem.', 'Lake Fausto, French Southern Territories', 'internship', '$84k/year', 'rejected', '2025-12-28 06:46:24', '2026-01-28 16:48:00'),
(38, 9, 'Postmasters', 'Magni ab aut est nulla. Repellat est libero totam temporibus placeat autem sunt. Quam magni et sed facilis odit ipsam.\n\nAut non sint voluptas id et assumenda suscipit. Consequatur vel ut quos cupiditate consequatur quasi sed. Tenetur enim consequatur aliquid aut sed tempora. Ab repellendus ducimus eum necessitatibus quis earum.\n\nNihil quas sit minima necessitatibus omnis voluptatem nihil. Repellat aliquam aut quam voluptatem dolores. Porro doloribus iste asperiores alias. Veniam placeat corporis est odio dolorem.', 'Mohamedmouth, Turkmenistan', 'contract', '$137k/year', 'active', '2025-12-26 01:54:32', '2026-01-28 16:42:27'),
(39, 9, 'Occupational Health Safety Technician', 'Molestiae quibusdam accusamus voluptatem tempore. Delectus rerum ducimus neque qui velit consectetur. Labore ipsa doloremque nihil asperiores ut omnis ducimus. Recusandae sit ea fuga eos vero atque impedit.\n\nQuo aperiam quo nobis voluptatem reiciendis. Officia voluptatum ab hic vel rerum. Voluptatem beatae repellendus at maxime sequi eos necessitatibus. Quos rem enim vel voluptatem consequatur quasi dolor.\n\nVoluptatem porro quibusdam esse. Quisquam distinctio consequatur aut rem. Rerum dignissimos repudiandae est veniam laudantium modi.', 'Jeromyfurt, Guyana', 'internship', '$63k/year', 'active', '2026-01-12 21:12:54', '2026-01-28 16:42:27'),
(40, 10, 'Medical Records Technician', 'Aut eos quae voluptatem similique. Tenetur facilis magni odio. Voluptates tempore fugiat autem dicta.\n\nAd exercitationem alias totam quo ipsa aspernatur. Labore natus et at omnis illo. Suscipit qui veniam quasi vel ex non reiciendis asperiores. Blanditiis deleniti id voluptas voluptas.\n\nSit et aliquam rerum qui. Itaque repudiandae ut aut non unde. Aut et sed fugit quos sint debitis dolores.', 'Monahanberg, Dominican Republic', 'freelance', '$43k/year', 'active', '2026-01-08 23:04:57', '2026-01-28 16:42:27'),
(41, 10, 'Designer', 'Facilis quibusdam laborum optio earum ut. Officiis sit possimus repellendus. Et ex blanditiis blanditiis odit animi delectus porro. Aut nulla quidem quo.\n\nQuis iste in amet vel. Sint quibusdam ullam voluptatem voluptatum odio consequatur. Tempora animi eveniet quo omnis. Repellendus corrupti culpa sit sint voluptas.\n\nNon ea tempora fugiat quo omnis praesentium. Facere ipsa dolores et ut iusto sunt. Porro earum officiis commodi dolores labore enim. Aliquam amet eligendi expedita accusantium in. Sint a placeat asperiores incidunt.', 'East Jean, United States Virgin Islands', 'full_time', '$61k/year', 'active', '2026-01-04 13:39:35', '2026-01-28 16:42:27'),
(42, 10, 'Fire-Prevention Engineer', 'Placeat aliquam consequatur enim asperiores est corrupti delectus. Ad rerum labore natus ipsa. Rerum non esse enim rerum id ea maxime.\n\nEt sit natus totam rem nisi. Vero ipsam nihil unde quos omnis harum eos nobis. Fugiat maiores illo ut voluptas et. Est est fuga officiis iusto molestiae sit.\n\nNobis in ab sed deleniti dolorem ducimus recusandae. Harum quis perspiciatis laborum ut. Impedit et consequatur non deleniti ipsum ut est. Ea velit sed saepe id quo quam placeat. Placeat similique explicabo enim dolorem quam et.', 'Marahaven, Slovakia (Slovak Republic)', 'part_time', '$85k/year', 'rejected', '2025-12-19 04:25:40', '2026-01-28 16:42:27'),
(43, 10, 'Dental Hygienist', 'Et in voluptas distinctio natus aliquid optio in. Laborum illum commodi minus explicabo sit. Dolores et impedit omnis et dolor. Dolores aut adipisci dignissimos.\n\nEum ut et voluptatem fugit ut modi repudiandae ut. Culpa accusamus aliquid dolorem consequatur sequi provident officiis. Et eos repudiandae dolorum vitae qui.\n\nAdipisci ut officiis quo libero voluptatem. Ipsa odio earum voluptatibus non. Maxime sit maxime incidunt repudiandae magnam.', 'Emilyport, British Virgin Islands', 'contract', '$129k/year', 'rejected', '2026-01-05 13:13:43', '2026-01-28 16:47:58'),
(44, 10, 'Social Work Teacher', 'Optio incidunt et deserunt doloribus quia nemo. Optio voluptatem autem quisquam fugit quo maiores ad. Qui magni dolorum repellat ipsa natus eos.\n\nFacere nisi facilis et consectetur eaque aut voluptatibus. Voluptates ad veritatis nisi aut odit. Architecto et suscipit qui dolores aut cupiditate. Est aut beatae consequatur.\n\nRecusandae cumque ut ullam possimus et. Ut adipisci rerum temporibus impedit harum dolor voluptas. Dolores ipsum in natus qui.', 'Lake Dereck, Indonesia', 'part_time', '$58k/year', 'active', '2025-12-20 07:38:09', '2026-01-28 16:42:27'),
(45, 10, 'Military Officer', 'Debitis quia beatae aperiam accusantium. Et ipsum rerum ut et. Perspiciatis cum et voluptates ullam earum.\n\nMolestiae assumenda in sit quis. Esse et culpa quasi ab. Nostrum tenetur est provident autem.\n\nEveniet consequatur ipsam harum perferendis sit tempora iusto. Illo rerum facilis in ratione voluptatem odio dolorem reiciendis. Illum facilis eligendi nulla reiciendis aperiam doloribus autem qui.', 'East Miltonshire, Antarctica (the territory South of 60 deg S)', 'part_time', '$87k/year', 'active', '2025-12-15 05:01:57', '2026-01-28 16:42:27'),
(46, 11, 'Interpreter OR Translator', 'Earum in nihil qui. Voluptas suscipit earum quia quidem. Quibusdam sapiente tenetur odio non atque sint. Ea amet in eos perspiciatis.\n\nId consequatur aliquid eum inventore ut. Neque fuga vel ut consequatur nemo consequatur. Porro dolores est aut quos porro. Dolorum eos blanditiis deserunt aliquam. Harum quam saepe illo nam at officiis quia.\n\nSed cupiditate eos nulla repellat assumenda ut repellendus. Explicabo dolore aspernatur temporibus vel ut repudiandae tempore ipsum. Quis error est blanditiis voluptatem. Est ut beatae et sint ut.', 'South Colby, Croatia', 'freelance', '$78k/year', 'active', '2026-01-02 02:45:47', '2026-01-28 16:42:27'),
(47, 11, 'Home Appliance Repairer', 'Maxime quasi quidem voluptas consequatur dolores eos qui. Laborum amet voluptas omnis fuga. Architecto ut quaerat sint numquam fugit cum. Culpa velit qui quas quo cumque.\n\nOdit pariatur occaecati magni velit rem voluptatem. Omnis et ipsa voluptates possimus inventore dolores ut. Praesentium eius mollitia est mollitia ad nihil voluptatem. Impedit vero ipsam aut est deleniti.\n\nFuga animi officiis adipisci natus. Numquam deleniti sint aliquid omnis est voluptates. Quos occaecati quidem aliquam et. Aliquid et aut porro.', 'South Jermainberg, Bahrain', 'contract', '$86k/year', 'active', '2026-01-26 19:18:00', '2026-01-28 16:42:27'),
(48, 11, 'Stonemason', 'Quis velit nesciunt exercitationem et dolore voluptate sit nostrum. Voluptatem quam ex iste velit consequatur. Iste quia qui sit alias modi et.\n\nFuga expedita in qui quidem repudiandae. Porro inventore rerum ut dolores consequatur. Ut aut et velit.\n\nDolor occaecati odit officiis autem et. Reiciendis iusto qui doloribus. Quia soluta sint aut esse.', 'West Angus, Tonga', 'freelance', '$100k/year', 'rejected', '2026-01-04 00:58:43', '2026-01-28 16:45:01'),
(49, 11, 'ccc', 'Quas velit aliquam perferendis. Occaecati similique sint omnis modi molestiae. Et qui officiis ut et nihil mollitia eos. Aspernatur atque ipsum aut porro.\n\nIure omnis et impedit aliquid. Modi consequuntur rerum optio eius et consequatur et. Facere quo consequatur amet deserunt odit. Aliquam itaque consequatur nisi corporis in distinctio qui. Nam dolorum nam non non quia.\n\nRem odit quas cupiditate totam numquam non reprehenderit. Et reprehenderit odio voluptatem eaque nam maxime atque. Aut dolorem omnis ipsum rerum omnis. Sequi voluptate vel laborum dolorem debitis et.', 'Rudyton, Lebanon', 'internship', '$117k/year', 'active', '2026-01-21 03:39:49', '2026-01-28 16:42:27'),
(50, 11, 'Screen Printing Machine Operator', 'Eveniet nam vitae repellat dignissimos doloribus id. Sapiente hic ipsam enim numquam. Sequi quibusdam numquam quas qui.\n\nEligendi aliquam enim vero suscipit molestiae porro. Vel voluptatem reprehenderit expedita iste eligendi et. Vitae ut autem eius inventore non sequi dolorem. Omnis autem ut doloremque vero vero ratione.\n\nTempore ut autem dignissimos architecto facere neque qui. Amet ullam consequatur aperiam incidunt vero. Deleniti rerum et sint optio laudantium nobis neque consectetur. Eum dolore et ex magni ad aliquid eum odio.', 'Nolanfort, Guinea', 'contract', '$112k/year', 'active', '2026-01-09 07:33:07', '2026-01-28 16:42:27'),
(51, 11, 'Molding Machine Operator', 'Quos et ad et sunt dolore laborum quibusdam. Sed iure adipisci officia hic aut. In tempore voluptatem a voluptatem temporibus reprehenderit.\n\nExcepturi molestiae repellendus expedita dolores dolorem labore. Sint voluptatem maxime molestiae minus quia non. Itaque nisi eveniet quas. Debitis doloribus repellendus expedita nihil ut. Excepturi qui asperiores iste ut magni occaecati.\n\nIpsum recusandae occaecati error possimus suscipit. Quod quia ea rerum numquam adipisci beatae et. Repellendus adipisci excepturi sit vitae enim. Quo totam occaecati dolorum ut assumenda quos atque.', 'West Izaiahview, British Virgin Islands', 'full_time', '$64k/year', 'active', '2026-01-13 11:08:57', '2026-01-28 16:45:13'),
(57, 13, 'Information Systems Manager', 'Qui id voluptatem deserunt. Ea velit qui odio. Deleniti reiciendis ut sint voluptates.\n\nBlanditiis velit autem occaecati nihil expedita qui asperiores. Voluptatem debitis dolorem eos corporis omnis. A alias harum sint dignissimos dolores vitae fugit ipsum.\n\nVoluptates qui corrupti non laborum. Omnis natus illo vero quia. Ut tempore consectetur pariatur id fugit minima. Adipisci asperiores labore tenetur perferendis iste.', 'Bartelltown, Moldova', 'part_time', '$45k/year', 'active', '2025-12-06 02:49:09', '2026-01-28 16:42:27'),
(58, 13, 'Explosives Expert', 'Dolore impedit natus modi excepturi. Ea numquam quibusdam qui unde perspiciatis dignissimos a. Incidunt sed rerum voluptas ullam commodi. Minus sint sit beatae amet dolorem.\n\nAut assumenda voluptatem sed ut libero amet. Aliquid similique nesciunt dicta amet ex dolores. Quo rerum officiis veniam et et nulla repudiandae. Pariatur id et non adipisci et nam ut.\n\nEligendi rerum nobis omnis. Deserunt deserunt quasi non ipsa ullam et animi. Sit voluptas sunt praesentium cumque aut placeat corporis.', 'Einarbury, Sri Lanka', 'internship', '$60k/year', 'active', '2025-12-26 12:29:49', '2026-01-28 16:42:27'),
(59, 13, 'Rail Yard Engineer', 'Doloribus iusto autem et pariatur omnis facere. Quo sunt qui aut sint. Reprehenderit quasi et ea quo.\n\nSint earum alias repellendus enim quibusdam quas. Placeat repellat dolor in. Impedit quasi non qui totam et nulla. Dolor sint non qui qui nihil a ut.\n\nSit est laborum qui maiores reprehenderit laudantium eos eaque. Aut corrupti voluptatem dolorem esse voluptatum nobis. Officiis maxime maiores cupiditate ut reprehenderit quasi ut. Veniam illum eos sed alias facilis.', 'Abrahamville, Gambia', 'internship', '$63k/year', 'active', '2026-01-20 15:05:22', '2026-01-28 16:42:27'),
(60, 13, 'Machinist', 'Quo sed est consequatur voluptatem numquam facere. Nulla eos nobis nam voluptatem velit et. Occaecati quos sit autem sed quia quis. Eos corporis nihil explicabo et qui nam alias accusantium. Eum quis nisi sint ipsum dignissimos veniam dolor quibusdam.\n\nDolor eos aut praesentium at aperiam ut quibusdam dolorum. Enim officiis vel exercitationem minima. Architecto dolorem assumenda doloribus deleniti tempore dolores enim laboriosam.\n\nRerum sint sed omnis tempora sunt placeat. Aperiam dolores est illum error aut aut. Mollitia qui quisquam iste harum sit suscipit. Maxime error sed accusamus ut fugiat aut rem.', 'Ernserfurt, Croatia', 'contract', '$132k/year', 'expired', '2025-12-05 08:09:40', '2026-01-28 16:42:27'),
(61, 13, 'Freight and Material Mover', 'Impedit cupiditate rem dicta consequatur doloremque maxime sequi ut. Qui commodi amet assumenda a. Officia enim velit sunt sunt voluptatem est. Modi alias in sit laudantium.\n\nFacilis voluptatem hic quia maxime libero alias nihil. Dolores nobis cumque dolores deserunt mollitia nemo qui. Sunt soluta eaque veniam corrupti vero ea quo.\n\nEarum alias ea quisquam. Ipsam placeat qui vel eius sunt iusto harum. Numquam quam molestiae inventore fugit in et neque et.', 'Okunevabury, Norfolk Island', 'internship', '$149k/year', 'active', '2025-12-24 18:02:48', '2026-01-28 16:42:27'),
(62, 13, 'Janitorial Supervisor', 'Ut reiciendis ex consequatur vel temporibus. Molestias perspiciatis cupiditate quis et. Eum id sit sequi. Adipisci natus eligendi sit consequatur.\n\nDolores exercitationem id quidem ipsum corrupti in cum. Expedita ad quo totam doloremque. Dolor tempore quos vero est eligendi et nulla.\n\nRem sit facilis maiores voluptatibus. Cum sit non commodi ullam et ab. Harum repellat odio voluptatem perspiciatis debitis.', 'Alishafurt, Ukraine', 'part_time', '$138k/year', 'active', '2025-12-29 19:43:59', '2026-01-28 16:42:27'),
(63, 13, 'Title Abstractor', 'Nisi provident dignissimos error quis repellat libero. Explicabo ipsa nulla aperiam. Unde consequatur eos tenetur soluta et molestias nihil.\n\nDolore recusandae id consequuntur voluptatibus. Quas laudantium qui minima illo est. Odio adipisci quod eum quod ratione accusamus maxime. Numquam sed cumque omnis aut.\n\nDolores quis sequi fugiat quo voluptatum cum numquam. Dolores ipsam itaque asperiores ex eum veritatis ut. Explicabo doloribus odio occaecati veritatis molestiae. Et consectetur omnis perferendis vero inventore quidem perspiciatis. Eos explicabo sed facere sequi repellat ut.', 'East Demondland, Antarctica (the territory South of 60 deg S)', 'full_time', '$122k/year', 'expired', '2026-01-26 17:46:08', '2026-01-28 16:42:27'),
(64, 13, 'Merchandise Displayer OR Window Trimmer', 'Qui neque dolor nulla eaque voluptas quas totam. Maxime reiciendis qui est ad repellat. Ex est necessitatibus molestiae. Repellat sit est dolores velit quibusdam eius molestias in. Qui nostrum quae est.\n\nEnim consectetur similique qui non dolores dolores. Consequatur totam ex odit ex occaecati. Assumenda est soluta dolorem.\n\nEt similique voluptate eius ut ad iure qui asperiores. Est officia id aut voluptatem nam est cum. Nostrum qui quia similique dolorum dolores nisi.', 'Rachelleborough, Tokelau', 'contract', '$123k/year', 'active', '2026-01-26 08:04:24', '2026-01-28 16:42:27'),
(65, 14, 'Protective Service Worker', 'Architecto aut aut voluptatem earum fugit. Esse delectus aut labore quos voluptas. Necessitatibus rerum quo animi modi dolor sint.\n\nSit facere beatae optio veritatis. Facilis exercitationem id sed incidunt qui consectetur dignissimos non. Optio doloribus reprehenderit impedit laboriosam. Consequatur et quasi qui excepturi repellat et.\n\nExcepturi dolore dolore id sint. Mollitia et provident amet voluptatem aut veritatis enim sunt. Assumenda harum dicta id necessitatibus iure a ut nam. Dolores non omnis aut molestiae neque et ducimus.', 'Emersonport, Spain', 'freelance', '$43k/year', 'expired', '2025-12-23 01:46:52', '2026-01-28 16:42:27'),
(66, 14, 'Production Manager', 'Sint provident ex dolores corrupti impedit. Dolor qui odit est alias ut suscipit. Nostrum eligendi neque ducimus placeat rerum laborum.\n\nVitae porro omnis dolores est laborum. Deserunt quo quaerat ut unde veritatis nihil saepe.\n\nDolores in reprehenderit beatae earum ut adipisci soluta nemo. Officiis quia recusandae porro beatae. Commodi repudiandae omnis voluptas distinctio. Commodi veniam suscipit quod aut quaerat aut aliquam in.', 'Auerburgh, Turkmenistan', 'internship', '$58k/year', 'rejected', '2025-12-13 11:36:16', '2026-01-28 16:48:01'),
(67, 14, 'Slot Key Person', 'Eaque et ut necessitatibus magnam quo quisquam a. Deserunt aut ex ipsam nulla hic asperiores dolor. Consequatur sit voluptatem eligendi cumque.\n\nUt consectetur vero vero in autem cupiditate et consectetur. Quia voluptas fugit cum sapiente minima ipsam. Sit est quo aliquid est porro omnis.\n\nEst incidunt ducimus dolorum omnis neque laborum non. Voluptatem in optio aut quia non inventore. Pariatur culpa est quo ut maiores veniam consectetur explicabo.', 'Lake Roma, Uganda', 'freelance', '$101k/year', 'expired', '2026-01-02 14:52:33', '2026-01-28 16:42:27'),
(68, 15, 'Aircraft Structure Assemblers', 'Quaerat non rerum architecto necessitatibus voluptate delectus aut. Quia et ratione molestiae fuga et aut enim.\n\nVoluptate error adipisci nisi qui est non eum. Natus vel aut illo voluptas in ducimus. Inventore autem aspernatur architecto temporibus est et nesciunt sit.\n\nQuod est tenetur ut unde odio. Ab illo aut qui animi. Velit recusandae a enim repudiandae sed harum.', 'Port Zackerychester, Australia', 'full_time', '$135k/year', 'active', '2026-01-23 15:30:23', '2026-01-28 16:42:27'),
(69, 15, 'Mechanical Engineer', 'Ut quia accusantium et. Perspiciatis vero molestiae magnam. Quia est quos et provident qui nulla ut. Nostrum dolor qui corporis voluptatum.\n\nSed deserunt distinctio sunt. Quod facilis laboriosam blanditiis aut. A asperiores tempore et ipsa.\n\nIpsum sapiente et ut. Cumque non doloribus ipsam adipisci deleniti. Magnam nemo facilis odio facere voluptatem rerum.', 'Jarretfurt, Sweden', 'internship', '$44k/year', 'active', '2026-01-27 14:30:15', '2026-01-28 16:42:49'),
(70, 15, 'Mathematical Scientist', 'Saepe quis in aut sunt. Numquam rerum qui illo aspernatur iure dolores. Hic sequi sed ipsa at assumenda neque. Assumenda neque expedita laudantium rerum fuga natus.\n\nDolore expedita officia explicabo a rerum ea nihil. Nisi consectetur et iure et. Ut consequuntur autem iste maiores quam ratione voluptate. Alias architecto cupiditate libero animi.\n\nQuibusdam officiis laborum quia ad. In ipsum laudantium reprehenderit impedit totam eum eveniet. Odio consequuntur voluptatum dicta nisi. Pariatur est nulla omnis modi a.', 'Concepcionside, Thailand', 'part_time', '$136k/year', 'rejected', '2026-01-27 13:37:39', '2026-01-28 16:43:02'),
(71, 15, 'Surveying and Mapping Technician', 'Sed consectetur impedit explicabo est maiores praesentium. Nihil et qui rerum et qui qui. Non maiores quia reprehenderit distinctio ratione quaerat iusto.\n\nEt eos voluptatem tempora culpa mollitia voluptates. Quo velit consectetur excepturi assumenda. Quod qui qui natus odio.\n\nOdio sint at delectus omnis quasi. Beatae inventore quia ipsa voluptas placeat ipsam vel. Officia similique debitis eos culpa. Asperiores ad ipsam id reprehenderit ut qui et est.', 'Lake Kenyaside, Korea', 'full_time', '$119k/year', 'active', '2026-01-21 10:36:28', '2026-01-28 16:45:11'),
(72, 15, 'Gaming Surveillance Officer', 'Amet quia corrupti repellendus ipsam consequatur. Perspiciatis accusamus occaecati sunt asperiores nihil. Atque itaque dolorum eum dolore ut sed facere non. Voluptas eligendi veritatis rerum sit incidunt vel quia. Voluptatibus vitae nihil consequatur sed provident autem vel unde.\n\nRerum modi magnam animi id et sit labore. Corporis sed quod nobis non voluptatem saepe. Similique maxime qui qui accusamus. Tenetur labore nobis harum est dicta sint.\n\nDolorem possimus tenetur molestias laboriosam eius. Iste non adipisci est omnis aut dolor sunt. Laudantium ut unde similique deserunt.', 'South Americafort, Oman', 'internship', '$78k/year', 'active', '2025-12-31 07:49:57', '2026-01-28 16:42:27'),
(73, 15, 'Coil Winders', 'Amet quia quo soluta voluptatem quibusdam consequatur id. Asperiores blanditiis aut iste inventore voluptatem necessitatibus nulla sed. Et natus dolores earum tempore.\n\nEaque qui repellendus et quia. Eligendi minus aut earum tempore ipsum doloribus repellat. Qui natus ut molestias facere mollitia.\n\nNulla suscipit nesciunt voluptatibus quis. Eligendi velit blanditiis perferendis omnis iure. Repellat omnis non nemo voluptas et laudantium illo. Ipsam molestiae aut et eos maxime culpa laudantium tempora.', 'Lake Remingtonhaven, Afghanistan', 'full_time', '$84k/year', 'active', '2026-01-28 10:42:14', '2026-01-28 16:42:27'),
(74, 16, 'Transportation Worker', 'Placeat ipsum vero reiciendis est. Dolores excepturi earum omnis dolores suscipit. Delectus est et hic quo. Omnis dolorem hic distinctio alias rerum nihil nihil.\n\nQuisquam et ut nesciunt atque expedita neque. Nisi et quae occaecati mollitia corrupti. Nobis ab eos esse temporibus.\n\nDolores voluptate corrupti dicta tempora dicta qui in. Incidunt consequatur eius reprehenderit vero architecto velit assumenda. Assumenda molestiae tempora ducimus. Sit omnis architecto vel et amet rerum natus.', 'Addisonberg, Cambodia', 'full_time', '$108k/year', 'rejected', '2025-12-17 10:14:44', '2026-01-28 16:42:27'),
(75, 16, 'Urban Planner', 'Totam eum voluptas distinctio doloribus omnis modi quasi. Laboriosam impedit assumenda enim sit. Aliquid tempora possimus quae porro illum unde. Qui repellendus rerum fugit nisi.\n\nDolorum necessitatibus et reiciendis ea. Explicabo eaque mollitia id accusantium. Omnis inventore impedit nostrum quo. Dolores nisi et eos quas et neque laborum. Et eligendi molestiae nihil incidunt aperiam non sunt.\n\nA cumque ut in iusto assumenda. Eos cumque id voluptatum eius voluptatem iste. Consequatur nostrum blanditiis qui iusto assumenda laboriosam tempora. Ullam esse eveniet tempora aut suscipit dolorum ut.', 'North Dustinport, Netherlands Antilles', 'internship', '$67k/year', 'active', '2025-12-24 10:23:12', '2026-01-28 16:42:27'),
(76, 16, 'Carver', 'Est vitae iste sit aut quas voluptates. Labore maxime minus voluptas odio assumenda. Et dolorum placeat esse facilis error consequatur.\n\nExcepturi vel aut deleniti. Temporibus deserunt ut magni minima exercitationem fugit. Dolores nam quia a nihil. Eveniet ea tempora et.\n\nVoluptas dolores doloribus officiis repudiandae nihil est quae eligendi. Aliquam blanditiis ex ut et qui ut. Nemo hic quo nesciunt. Ut vel atque voluptas corrupti laborum ut quod voluptatem.', 'East Kaleb, Tuvalu', 'freelance', '$80k/year', 'expired', '2025-12-08 00:19:43', '2026-01-28 16:42:27'),
(77, 17, 'Broadcast News Analyst', 'Aspernatur quod maxime et et architecto doloremque distinctio dolorem. Rerum eius minus accusantium expedita illo id adipisci. Voluptates qui perspiciatis voluptatem.\n\nQuidem et saepe non ea sed aut. Consequatur aliquam quod dolore illum corrupti. Et asperiores delectus unde in quasi quam. Consequatur voluptatum officiis pariatur ut ab iure et.\n\nDolores autem similique ut sed dolorem doloribus quam eos. Architecto et dolore quos quasi. Voluptas quisquam aspernatur omnis deleniti modi ab quas. Quisquam possimus odio aut ullam est natus.', 'Lake Cesar, Slovenia', 'freelance', '$140k/year', 'expired', '2026-01-27 00:26:42', '2026-01-28 16:42:27'),
(78, 17, 'Physics Teacher', 'Quia modi omnis et et tempora excepturi facere. Voluptate delectus ut aut vero rerum mollitia. Voluptatem sit qui sit. Sit quasi aperiam non delectus. Vero sed minus debitis qui blanditiis.\n\nSit quia tempora nobis voluptatem omnis. Blanditiis iure quis consequatur similique recusandae dolorem. Iusto consequatur voluptatum tempora ea consequatur. Doloribus molestias consectetur consectetur aut incidunt cupiditate omnis.\n\nOccaecati inventore numquam et ut tempora sint autem. Rem quae consequatur animi eius. Nesciunt dolorum reprehenderit cupiditate quisquam. Non nihil non pariatur dolor iste.', 'New Alethaville, Estonia', 'contract', '$73k/year', 'expired', '2025-12-29 16:53:27', '2026-01-28 16:42:27'),
(79, 17, 'Pediatricians', 'Fugiat quia eaque pariatur expedita animi nesciunt. Incidunt tempora esse veritatis dolores expedita et quibusdam. Minus autem consequatur sed adipisci. In unde voluptatem porro corporis soluta voluptas. Asperiores facilis et modi ut consequatur necessitatibus dolorem.\n\nEt placeat sit repellat. Fugiat voluptas corrupti quisquam deserunt. Et qui perspiciatis possimus nostrum possimus voluptatem a. Fugiat quo nihil aut repellendus. Natus est aut repellendus enim quo.\n\nSunt id possimus dolorum est. Sit illo sed nemo quia non a magnam autem.', 'Port Annetteborough, Switzerland', 'part_time', '$104k/year', 'active', '2025-11-30 10:24:05', '2026-01-28 16:42:27'),
(80, 17, 'Pressure Vessel Inspector', 'Omnis totam quis ullam distinctio asperiores laborum eligendi. Nemo omnis magni officia et nostrum. Neque sed dignissimos aut. Voluptatem consequatur voluptas maxime porro.\n\nDoloremque unde nostrum amet expedita vel iusto. Ipsam quia eius recusandae.\n\nTemporibus quidem non corporis. Et ut aperiam esse autem vel. Est est doloremque molestiae error.', 'Kundefort, Guyana', 'full_time', '$52k/year', 'active', '2025-12-03 16:49:15', '2026-01-28 16:42:27'),
(81, 18, 'Political Scientist', 'Sequi maxime est hic quisquam dolor. Adipisci voluptas eaque vel blanditiis quis.\n\nEos aliquam repellat inventore ea. Cumque magnam ratione velit consequatur animi. A quidem facere aut nam et. Tempora facere cum vitae pariatur earum minima et.\n\nImpedit quis aut nulla nam natus nulla. Voluptatem omnis voluptatum vero quia occaecati nulla voluptatem amet. Et sed quisquam ut in.', 'Riceborough, Niger', 'full_time', '$85k/year', 'active', '2026-01-07 09:00:12', '2026-01-28 16:42:27'),
(82, 18, 'Word Processors and Typist', 'Vel ut ad nemo sit magni. Consequatur veniam incidunt numquam quia non recusandae ut.\n\nIn sed officia ea laboriosam. Molestiae beatae inventore voluptatem eos et ut. Nisi error ex odio qui culpa.\n\nOccaecati dolorem suscipit soluta modi necessitatibus optio quasi. Magni quia eveniet qui quia. Tenetur aut in debitis maxime sequi sit. Ipsum qui dolor sit commodi.', 'Hailiebury, Benin', 'part_time', '$122k/year', 'rejected', '2025-12-16 21:03:24', '2026-01-28 16:42:27'),
(83, 18, 'Grips', 'Provident et dolorum eligendi molestiae quidem qui. Dolorem quidem vel omnis repellendus. Eos quia nostrum nihil quisquam et dolore. Quos est mollitia aspernatur corporis nesciunt quis ipsam sint.\n\nUnde reprehenderit nobis consequatur quas. Distinctio fugit eius consequatur nisi aut dolore blanditiis.\n\nVoluptatem deserunt fuga facere laboriosam alias ipsam. Harum voluptas eos minima corrupti necessitatibus. Molestiae eveniet eius sit qui incidunt dolorem. Quia earum ipsum voluptas veniam consequatur molestias quisquam.', 'Kalliefurt, Brunei Darussalam', 'full_time', '$72k/year', 'rejected', '2026-01-22 11:40:52', '2026-01-28 16:45:04');
INSERT INTO `job_postings` (`id`, `recruiter_id`, `title`, `description`, `location`, `contract_type`, `salary`, `status`, `created_at`, `updated_at`) VALUES
(84, 19, 'Announcer', 'Nihil esse libero perferendis neque quod non voluptatem. Ducimus animi ut enim quo voluptas nemo quis fugiat.\n\nOmnis explicabo explicabo enim rerum soluta soluta vel. Voluptas laudantium voluptas est illo atque sequi aliquid. Sit autem adipisci suscipit. Minima in id qui est.\n\nDucimus modi quidem dolore dolorem asperiores ipsa sit. Minus iusto velit architecto quo odit aut sed. Quod nam est laboriosam quasi amet assumenda.', 'Torpville, Sao Tome and Principe', 'internship', '$53k/year', 'expired', '2025-12-26 21:34:34', '2026-01-28 16:42:27'),
(85, 19, 'Operations Research Analyst', 'Reiciendis excepturi perspiciatis maxime similique. A consequatur quos est odio. Aut illum soluta dolor neque sed.\n\nAut enim quia accusantium id. Qui nisi dignissimos odio quod ut. Laborum perspiciatis placeat iusto rerum.\n\nMolestiae quaerat aperiam deserunt excepturi aut. Qui sit dolorem saepe dolores. Quia autem qui ut. Voluptas dolorum sed sapiente ut perferendis tenetur molestias.', 'New Elvie, Saint Vincent and the Grenadines', 'part_time', '$118k/year', 'pending', '2025-12-04 16:51:42', '2026-01-28 16:42:27'),
(86, 19, 'Marine Cargo Inspector', 'Illum esse sint expedita dolores qui. Iste in dolorem amet sunt repudiandae repellat. Veritatis vitae eum temporibus tenetur sit nostrum dolor nulla.\n\nOmnis dolore quo velit omnis magni voluptatem. Asperiores et sint impedit quasi delectus ab et. Quos quasi unde qui nobis.\n\nDeserunt architecto maxime dolor soluta aut. Itaque est consectetur iste rerum voluptate non ad officia. Suscipit aut veniam consequatur blanditiis. Voluptas sunt doloribus iste et provident et porro.', 'Wolffville, South Georgia and the South Sandwich Islands', 'contract', '$124k/year', 'active', '2026-01-12 15:45:36', '2026-01-28 16:42:27'),
(87, 19, 'Recreational Vehicle Service Technician', 'Et odit quibusdam est voluptas et consequatur. Odit qui necessitatibus beatae dolores saepe. Illo maiores facilis facere ad quod. Deserunt et hic doloribus fugit neque laboriosam.\n\nExercitationem tenetur explicabo est ea optio. Odio exercitationem ipsa vitae autem sit itaque. Autem non nostrum velit assumenda voluptatem voluptatem ex.\n\nEt enim id exercitationem nihil ipsum. Aperiam molestias laborum nemo consectetur sit vitae magni. A officiis deleniti dolor asperiores quo dolorem. Voluptatibus reiciendis quam quia explicabo.', 'New Nelle, Bahamas', 'part_time', '$73k/year', 'active', '2025-12-11 17:35:47', '2026-01-28 16:42:27'),
(88, 19, 'Soil Scientist', 'Minima sunt qui deserunt. Suscipit corporis dolores dignissimos deleniti facilis dolorem accusamus quia. Incidunt officiis accusamus sed eveniet ut expedita. Magni excepturi fuga distinctio qui voluptatem. In eos maiores sunt sit et.\n\nNulla quia suscipit quaerat. Animi est officia iusto et.\n\nIpsam vel explicabo ut quis. Eius et quis accusamus cupiditate quo voluptatem. Ut voluptas ipsum quis est. Dolorum dignissimos tenetur facilis cupiditate labore et.', 'South Marion, Montenegro', 'full_time', '$82k/year', 'active', '2026-01-13 10:53:32', '2026-01-28 16:42:27'),
(89, 20, 'Natural Sciences Manager', 'Ut et tenetur omnis suscipit eaque dolores. Earum similique fuga rerum cum enim.\n\nExcepturi itaque et iste illum rem. Voluptatem fuga optio similique et. Esse ad repudiandae ut voluptatem dolores aliquid.\n\nRepudiandae doloremque aut odit dolor explicabo perspiciatis eum. Dolorem minima tenetur molestias nemo voluptas non sit. Voluptates mollitia dolores eius deserunt eos similique animi. Adipisci aut perferendis corporis fugit laudantium iste. Voluptatem ipsam quae rem eaque qui similique necessitatibus error.', 'Parkershire, Jersey', 'internship', '$46k/year', 'active', '2025-12-25 12:22:50', '2026-01-28 16:42:27'),
(90, 20, 'Food Batchmaker', 'Provident aut nulla beatae laborum impedit placeat. Tempore autem non aut deleniti fugit doloremque magni.\n\nRerum nulla dicta placeat. Ut qui quia harum. Aut illum aut dicta commodi odit voluptas ullam.\n\nNam ut maiores consequatur maxime aut error. Dolores eius eos saepe eligendi non ratione assumenda. Non aut in impedit delectus repellat.', 'Leuschkeborough, Turkmenistan', 'contract', '$116k/year', 'rejected', '2025-12-28 19:53:43', '2026-01-28 16:42:27'),
(91, 20, 'Conveyor Operator', 'In non repudiandae autem repellendus repellendus tenetur odio. Atque natus consequatur inventore dicta assumenda aut aut. Non aliquam neque qui.\n\nFuga nemo accusantium et dignissimos. Ut sit ut qui omnis quasi rerum dicta. Magni quisquam natus repellendus dolores dolorum. Pariatur voluptatem et aut veritatis.\n\nIure qui vel est temporibus. Sequi culpa provident rerum reiciendis. In enim dolorem aut officiis perferendis assumenda sapiente. Reiciendis est repellat quia commodi.', 'West Calistabury, Tokelau', 'internship', '$69k/year', 'active', '2026-01-13 04:15:27', '2026-01-28 16:47:52'),
(92, 20, 'Exhibit Designer', 'Ea voluptatem veniam deserunt. Quaerat dignissimos enim non impedit rerum rerum. Et quisquam eveniet aut molestiae.\n\nExpedita soluta voluptatum expedita. Qui velit quidem facilis voluptatem. Odio quia velit qui quod porro omnis consequatur dignissimos.\n\nDolore quam a maxime quas accusantium numquam et. Sit rerum dolores dolores in. Dicta iure aut possimus placeat dolorum architecto magni. Eum sint ipsa corporis consequatur odit officia est.', 'Port Darylport, New Caledonia', 'part_time', '$83k/year', 'rejected', '2025-12-12 19:25:42', '2026-01-28 16:48:02'),
(93, 20, 'Farm and Home Management Advisor', 'Adipisci voluptatem quam est inventore consequatur. Perspiciatis id commodi unde dignissimos blanditiis debitis officiis. Voluptas error molestias blanditiis earum.\n\nEt asperiores quo aliquam dolor aut voluptatem nihil. Nostrum ut necessitatibus exercitationem itaque. Dolorem quia omnis iusto et rem est.\n\nNostrum enim id architecto earum. Et fugit velit velit qui fugit veritatis est.', 'New Hellenfurt, Hong Kong', 'full_time', '$59k/year', 'expired', '2026-01-02 13:32:28', '2026-01-28 16:42:27'),
(94, 21, 'Utility Meter Reader', 'Eligendi delectus est veniam. Sunt sint cupiditate ea sint officia reiciendis. Placeat et aut optio recusandae. Ut doloremque aspernatur aut illo voluptatum corporis.\n\nSapiente rerum qui quas. Culpa et quo sit nihil cum omnis. Ullam necessitatibus asperiores adipisci alias eum accusantium. Quia blanditiis voluptatem rerum facere quod impedit quo.\n\nRerum libero doloremque perferendis autem sint molestiae. Sequi modi impedit ut vero. Est fuga et eum rerum rem neque.', 'Ullrichstad, Poland', 'freelance', '$56k/year', 'active', '2025-12-20 14:35:26', '2026-01-28 16:42:27'),
(95, 21, 'Nursing Instructor', 'Aut quo consectetur eos sed et. Necessitatibus dolorem eos aut ipsum esse ut. Et facere molestias et eius. Id sed qui necessitatibus et minus.\n\nRerum est quae ut impedit. Ipsam qui et ea qui aut minus voluptate. Qui qui fugit maxime expedita est voluptatem laborum.\n\nTempora ducimus qui commodi libero eligendi aperiam. Consequuntur expedita qui facere corporis dolorem qui magni. Libero ea repudiandae rerum.', 'Lake Enrique, Guinea-Bissau', 'freelance', '$42k/year', 'active', '2025-12-11 02:50:54', '2026-01-28 16:42:27'),
(96, 21, 'Rehabilitation Counselor', 'Necessitatibus quo voluptatem dolore et. Architecto natus sint dolore debitis voluptas. Vitae eaque quia provident facilis.\n\nVero et enim non amet aut. Perferendis fugiat saepe voluptas est. Soluta vel voluptatibus odio tempora quis cumque.\n\nDolorem aspernatur saepe deleniti quibusdam qui et. Omnis est impedit et quisquam et nemo dignissimos voluptas.', 'Coratown, Cayman Islands', 'internship', '$94k/year', 'rejected', '2026-01-27 11:20:07', '2026-01-28 16:45:07'),
(97, 21, 'Molding Machine Operator', 'Porro repellendus aut iusto. Distinctio voluptatibus voluptas aliquid enim dolor quia. Esse ut consequatur sit ut rerum.\n\nNon illo ut rerum voluptatum numquam saepe. Natus quia quia animi atque. Aut laborum ut occaecati voluptate aut eos.\n\nNulla fugiat assumenda enim inventore. Eum ut minus est exercitationem sit recusandae. Voluptatem aut ad aperiam maxime voluptatem enim. Fuga et porro ut quae vero esse esse.', 'West Connor, India', 'internship', '$57k/year', 'rejected', '2025-11-29 20:34:58', '2026-01-28 16:42:27'),
(98, 21, 'Home', 'Est sint omnis dicta rem. Sunt beatae unde nesciunt fuga dicta ea. Necessitatibus quia nulla voluptate est impedit fugit expedita. Veniam animi aliquam quaerat laudantium cupiditate tenetur.\n\nOmnis molestias nam ab natus ipsam. Animi ipsum quisquam corrupti amet est. Alias corporis qui pariatur corporis. At provident enim sed et inventore.\n\nVoluptates laborum id deleniti neque iure reprehenderit. Deserunt dolorem eligendi asperiores commodi animi. Sed quia iusto sit eveniet veritatis magnam.', 'East Douglaschester, Algeria', 'contract', '$90k/year', 'active', '2025-12-29 03:45:52', '2026-01-28 16:42:27'),
(99, 21, 'Railroad Inspector', 'Ea et et tempore fuga. Qui in omnis voluptas dolore. Laboriosam et quia sint in. Eaque numquam ea dolorem asperiores. Velit quisquam iure quod dolorum.\n\nQuasi omnis ut non consequatur consectetur voluptatum ipsa. Repellendus dignissimos fugit odit repellat nihil. Qui unde sunt voluptatem rerum quibusdam. Explicabo in iusto esse culpa laborum et.\n\nAut ea commodi enim facilis ex eius in neque. Id molestiae et dolorem assumenda et. Id neque voluptatem quibusdam sint possimus sequi.', 'Port Daniella, Mauritius', 'internship', '$96k/year', 'expired', '2026-01-19 14:09:46', '2026-01-28 16:42:27'),
(101, 22, 'Lawn Service Manager', 'Modi deleniti odio voluptatem odit magni. Repudiandae necessitatibus ratione et quaerat omnis quae quidem. Similique adipisci libero beatae veniam.\n\nImpedit aut incidunt libero debitis qui aliquid eaque. Impedit est provident mollitia autem. Omnis omnis est sequi laboriosam. Harum magni maxime voluptatem nihil eum.\n\nDoloremque et asperiores nulla temporibus. Minus eum maxime corporis quis rerum perspiciatis. Eos sed corrupti doloremque ipsa harum ullam voluptas. Ex dolore at libero dolorem totam omnis perspiciatis quae.', 'Cassiemouth, Iceland', 'internship', '$67k/year', 'active', '2026-01-05 05:58:34', '2026-01-28 16:42:27'),
(102, 22, 'Order Clerk', 'Atque cum excepturi ipsa voluptatem vitae voluptatem eligendi. Dolore dolore est rerum aut nobis voluptatem velit. Dolor voluptatem explicabo aut soluta doloribus nemo voluptas. Provident sit repellat vel est et occaecati perferendis.\n\nVoluptatem est fugit voluptas hic aut ullam. Nostrum neque officia odio animi. Qui dolorum ut qui quis incidunt sed harum sunt. Asperiores debitis incidunt animi blanditiis.\n\nUt rerum id eos enim. Saepe quo ratione labore eveniet et. Qui nihil quia rem voluptatem mollitia aut. Voluptatem dolorum nobis aliquam rerum praesentium.', 'Martyview, New Caledonia', 'part_time', '$116k/year', 'pending', '2025-12-07 07:41:53', '2026-01-28 16:42:27'),
(103, 23, 'Educational Psychologist', 'Ducimus ut officiis nihil quia rem dignissimos doloribus quidem. Et quasi quisquam officiis. Qui totam corporis voluptates nulla sit enim ea. Voluptatibus non dolorem aliquam officia ut dolore ut.\n\nDistinctio veniam vitae molestias illum corporis voluptatum fuga. Illo et aliquid tenetur qui velit sit. Perferendis id sapiente velit eaque repellendus. Ea ut laboriosam et ab in ducimus dolorem non.\n\nOccaecati a facilis dolor ad possimus. Enim eum est voluptatibus in fuga impedit ab. Qui expedita qui ut nesciunt dicta culpa similique.', 'Lake Madalynhaven, United States Minor Outlying Islands', 'part_time', '$75k/year', 'rejected', '2026-01-27 22:11:48', '2026-01-28 16:42:27'),
(104, 23, 'Loading Machine Operator', 'Et iusto quia vel. Omnis quia maxime nihil deleniti. Est praesentium tempora ea doloremque praesentium et minus. Perspiciatis consequatur aliquid cum vitae rerum voluptatem.\n\nExercitationem facilis rerum quia id repudiandae qui dolorem veniam. Minus similique facilis ipsum quo. Reprehenderit sequi hic molestiae libero doloribus accusamus aut. Aspernatur impedit aut sed non omnis temporibus.\n\nMinima magnam aperiam ut consequatur omnis et. Quis tenetur dolor dolor. Necessitatibus consequatur ut vitae illum commodi nihil exercitationem.', 'East Melisa, Cote d\'Ivoire', 'internship', '$142k/year', 'expired', '2026-01-20 19:47:17', '2026-01-28 16:42:27'),
(105, 23, 'Aircraft Rigging Assembler', 'Praesentium dolore sed in architecto sunt consequatur id ut. Cum ipsa mollitia quibusdam ut facere. Accusamus dolorem esse laborum aperiam nihil error quo. Est quos pariatur consequatur necessitatibus praesentium.\n\nEos accusamus omnis optio sunt aut modi. Illum et fuga in autem. Fugiat in culpa voluptatibus ad laborum. Laudantium et ipsum esse dignissimos.\n\nEnim eos nisi magni veniam. Ducimus aut numquam animi. Dolores ut possimus debitis facere eum voluptatum.', 'Ziemannhaven, Costa Rica', 'full_time', '$81k/year', 'rejected', '2025-12-30 21:54:16', '2026-01-28 16:47:56'),
(106, 23, 'Biologist', 'Voluptas qui quia necessitatibus sunt magnam laboriosam possimus. Exercitationem minus et veniam qui veritatis inventore sed. Perspiciatis vel minima cum facilis. Ipsam quia deserunt esse enim nulla consequatur.\n\nInventore est eligendi autem autem dicta ipsam. Corrupti laudantium atque praesentium saepe voluptatem. Assumenda voluptate iure ullam id animi voluptas.\n\nExpedita provident corrupti mollitia tempora ex. Beatae omnis molestias voluptatem itaque totam cum. Eaque tempora sapiente quo.', 'Kemmertown, Fiji', 'part_time', '$60k/year', 'rejected', '2025-12-25 18:12:16', '2026-01-28 16:42:27'),
(108, 2, 'Transit Police OR Railroad Police', 'Quia numquam soluta voluptate et quidem. Ut ullam quis dolor illo est. Qui non consequatur dolorem vitae quasi culpa. Sapiente natus consequuntur tempora omnis id.\n\nTempore omnis eum quaerat eum ut ullam. Ut sed odio id. Nemo sed assumenda et nihil dolor sit.\n\nNihil blanditiis qui eum corporis harum itaque. Et consequatur eos suscipit sed sint. Dolor officia recusandae officia est est quasi. Magni iusto aut quia omnis perspiciatis blanditiis mollitia ipsum.', 'Jefferyland, Israel', 'part_time', '$118k/year', 'active', '2026-01-16 16:40:03', '2026-01-28 16:42:27'),
(109, 2, 'Political Scientist', 'Qui illum voluptas nemo eos est voluptatem. Modi velit fugit iure cumque. Nulla accusamus aut adipisci molestiae ut et. Qui ratione quisquam et in magni est.\n\nHic ea tenetur dolores quas. Amet et ad ut ipsum. Sint doloremque rem ducimus.\n\nEt voluptatibus dolor ut labore ullam et eligendi. Alias ut corrupti voluptatem omnis maiores porro. Voluptate nihil id optio consequatur dolorum iste necessitatibus. Fuga ipsum at eum animi tempore suscipit ratione.', 'Lucieshire, Tunisia', 'contract', '$97k/year', 'active', '2025-12-04 21:22:19', '2026-01-28 16:42:27'),
(110, 2, 'Dot Etcher', 'Quod ipsum ut cum optio. Suscipit tempore quod est enim recusandae saepe totam vitae. Alias aut dolorem ea explicabo iusto. Sequi non quis quia vero repellat enim.\n\nUt distinctio non libero temporibus explicabo et. Culpa qui omnis nihil omnis laudantium repellendus eum. Sed molestiae omnis sunt at quis aperiam debitis. Quia autem possimus qui officiis corporis.\n\nSit at quasi molestias sit et ullam laudantium. Tempora nostrum rem at enim iusto et. Voluptatibus saepe aut magni dignissimos.', 'East Wymanborough, Saudi Arabia', 'full_time', '$136k/year', 'rejected', '2025-12-27 09:49:06', '2026-01-28 16:48:00'),
(111, 2, 'Agricultural Manager', 'Velit dolor eos dolore aliquid adipisci aperiam. Sequi eaque est ad quia tempore quidem. Dolor a inventore ut accusamus veritatis et deserunt. Commodi iusto maxime accusamus amet aperiam dolores aut dolorem.\n\nQuas beatae vel voluptatum totam consectetur quia optio. Explicabo quia architecto voluptate architecto adipisci dolor et nobis. Excepturi velit voluptatem a quod tempore velit.\n\nEst ea neque quam. Sint eveniet in enim voluptatem delectus. Quam quia aliquam sint doloremque.', 'Dachshire, Guinea', 'part_time', '$134k/year', 'active', '2025-12-26 15:45:18', '2026-01-28 16:42:27'),
(112, 2, 'Fraud Investigator', 'Possimus veritatis vel vitae atque optio. Fuga veritatis iure cumque eum in sunt dolores natus.\n\nFuga rerum sapiente saepe illo perspiciatis rerum. Ex voluptatem similique delectus aut eum repudiandae beatae. Repudiandae et voluptatem est eum ut. Sunt autem alias est qui quo veniam pariatur.\n\nLaudantium optio placeat doloremque alias. Necessitatibus eum ratione nihil vel temporibus alias architecto. Necessitatibus sequi laudantium dolorem optio sapiente rerum quia.', 'Port Madie, Bahrain', 'freelance', '$123k/year', 'active', '2025-12-14 17:03:52', '2026-01-28 16:42:27'),
(113, 2, 'Commercial and Industrial Designer', 'Aspernatur non ratione perspiciatis veniam aliquam. Et dolor dolorum nemo eos itaque. Asperiores quia sint ut omnis dolorem. Eum omnis eos sed non qui facere.\n\nAd voluptatum dolorem magni. Nesciunt quos velit qui velit. Fugiat placeat et est aspernatur et et.\n\nFacilis sed optio corrupti voluptatem similique illo omnis ab. Inventore modi ut qui cumque consequatur praesentium. In officiis laboriosam quidem fugiat aut.', 'West Marlonbury, Lesotho', 'full_time', '$138k/year', 'rejected', '2026-01-25 10:11:57', '2026-01-28 16:45:02'),
(114, 2, 'Stevedore', 'Expedita sed animi vel nobis qui autem. Excepturi dolorem et iusto dolorum nam. Porro qui rem animi et et minus optio. Voluptates ut qui doloremque recusandae laborum a. Magnam aliquid minima odio est.\n\nVoluptas suscipit ratione cumque est eos voluptas cupiditate. Voluptatum veniam enim et nisi. Minima quae veritatis cupiditate atque placeat tempore. Eos odit laborum qui et natus fugiat.\n\nEa deserunt alias aut sint asperiores voluptatum enim rem. Dolorum quam incidunt eum id. Ad recusandae in quo nulla minus. Esse placeat accusamus dolores optio necessitatibus.', 'Lake Corene, Angola', 'part_time', '$51k/year', 'active', '2026-01-20 10:59:34', '2026-01-28 16:42:27'),
(115, 2, 'Veterinarian', 'Quibusdam hic amet praesentium. Quos optio repellat vel non voluptatum. Eum quidem vel sequi eos odit et mollitia. Distinctio maxime asperiores sed occaecati.\n\nConsequatur id eius recusandae. Corporis aut maiores quo dicta. Fuga minima sunt id consectetur consequatur et nobis.\n\nAtque veritatis est asperiores quaerat. Laborum culpa delectus rem dolorem et. Et nostrum dolorem voluptates. Pariatur aut aut facilis quos voluptas.', 'East Loyside, Dominica', 'internship', '$130k/year', 'active', '2026-01-02 00:41:48', '2026-01-28 16:47:55'),
(116, 2, 'Electrical Power-Line Installer', 'Et nemo non odio modi. Ut at quos quibusdam similique vel eius. Aut ratione in voluptate reiciendis dolorum sed ut.\n\nVoluptatem modi consequuntur aut est. Voluptatem quibusdam quidem omnis voluptate facilis perferendis reprehenderit. Beatae ut dolor qui quod. Possimus sit molestiae possimus minima quasi modi.\n\nAutem incidunt quas eligendi odio doloribus explicabo nam. Voluptatum sed at temporibus ullam asperiores voluptatum nulla. Quo et quisquam ducimus sit tempora et.', 'New Emilia, Singapore', 'internship', '$144k/year', 'rejected', '2026-01-10 01:43:00', '2026-01-28 16:42:27'),
(118, 2, 'tttttttttt', 'tttttttt', 'tttttt', 'part_time', 'ttttttt', 'active', '2026-01-28 16:57:46', '2026-01-28 17:06:09');

-- --------------------------------------------------------

--
-- Structure de la table `migrations`
--

CREATE TABLE `migrations` (
  `id` int(10) UNSIGNED NOT NULL,
  `migration` varchar(255) NOT NULL,
  `batch` int(11) NOT NULL
) ENGINE=InnoDB DEFAULT CHARSET=utf8mb4 COLLATE=utf8mb4_unicode_ci;

--
-- Déchargement des données de la table `migrations`
--

INSERT INTO `migrations` (`id`, `migration`, `batch`) VALUES
(1, '0001_01_01_000000_create_users_table', 1),
(2, '0001_01_01_000001_create_cache_table', 1),
(3, '0001_01_01_000002_create_jobs_table', 1),
(4, '2025_01_28_000000_create_jobs_table', 1),
(5, '2025_01_28_000001_create_applications_table', 1);

-- --------------------------------------------------------

--
-- Structure de la table `password_reset_tokens`
--

CREATE TABLE `password_reset_tokens` (
  `email` varchar(255) NOT NULL,
  `token` varchar(255) NOT NULL,
  `created_at` timestamp NULL DEFAULT NULL
) ENGINE=InnoDB DEFAULT CHARSET=utf8mb4 COLLATE=utf8mb4_unicode_ci;

-- --------------------------------------------------------

--
-- Structure de la table `sessions`
--

CREATE TABLE `sessions` (
  `id` varchar(255) NOT NULL,
  `user_id` bigint(20) UNSIGNED DEFAULT NULL,
  `ip_address` varchar(45) DEFAULT NULL,
  `user_agent` text DEFAULT NULL,
  `payload` longtext NOT NULL,
  `last_activity` int(11) NOT NULL
) ENGINE=InnoDB DEFAULT CHARSET=utf8mb4 COLLATE=utf8mb4_unicode_ci;

--
-- Déchargement des données de la table `sessions`
--

INSERT INTO `sessions` (`id`, `user_id`, `ip_address`, `user_agent`, `payload`, `last_activity`) VALUES
('YkJCV7NdXFl0d6R7YHYwJ2gW6eo0F5gzfYHSdGRW', 1, '127.0.0.1', 'Mozilla/5.0 (Windows NT 10.0; Win64; x64) AppleWebKit/537.36 (KHTML, like Gecko) Chrome/144.0.0.0 Safari/537.36', 'YTo0OntzOjY6Il90b2tlbiI7czo0MDoiUVZ3UnFOdHl4U0FZNUVvalNERk9UMHJPdHh4MjBZMHFGWjE0M25EeCI7czo2OiJfZmxhc2giO2E6Mjp7czozOiJvbGQiO2E6MDp7fXM6MzoibmV3IjthOjA6e319czo5OiJfcHJldmlvdXMiO2E6Mjp7czozOiJ1cmwiO3M6Mzc6Imh0dHA6Ly8xMjcuMC4wLjE6ODAwMC9hZG1pbi9kYXNoYm9hcmQiO3M6NToicm91dGUiO3M6MTU6ImFkbWluLmRhc2hib2FyZCI7fXM6NTA6ImxvZ2luX3dlYl81OWJhMzZhZGRjMmIyZjk0MDE1ODBmMDE0YzdmNThlYTRlMzA5ODlkIjtpOjE7fQ==', 1769623588);

-- --------------------------------------------------------

--
-- Structure de la table `users`
--

CREATE TABLE `users` (
  `id` bigint(20) UNSIGNED NOT NULL,
  `name` varchar(255) NOT NULL,
  `email` varchar(255) NOT NULL,
  `email_verified_at` timestamp NULL DEFAULT NULL,
  `password` varchar(255) NOT NULL,
  `role` enum('admin','recruiter','candidate') NOT NULL DEFAULT 'candidate',
  `remember_token` varchar(100) DEFAULT NULL,
  `created_at` timestamp NULL DEFAULT NULL,
  `updated_at` timestamp NULL DEFAULT NULL
) ENGINE=InnoDB DEFAULT CHARSET=utf8mb4 COLLATE=utf8mb4_unicode_ci;

--
-- Déchargement des données de la table `users`
--

INSERT INTO `users` (`id`, `name`, `email`, `email_verified_at`, `password`, `role`, `remember_token`, `created_at`, `updated_at`) VALUES
(1, 'Admin User', 'admin@example.com', '2026-01-28 16:42:26', '$2y$12$BspP9lgVKKCY05tQRwxYguPt.j81YR7u1rtwY5i7q46JUq1tDRlxS', 'admin', 'AaGzOw8wF5Tv1dGjRop6hyLLRbyjt96EKRq3swWO8xyMZDnLNmgpTT0PTeBt', '2026-01-28 16:42:26', '2026-01-28 16:42:26'),
(2, 'Recruiter User', 'recruiter@example.com', '2026-01-28 16:42:26', '$2y$12$F4lTNu4IIoztamcwej7BDushIiKV3cQEL27p6eIRJQQDUeFvkCH1W', 'recruiter', '2NXjYcK9vfcLCamT1WPQY17PE6F6CpFzFGU8vkOL6bQ6NPV4np2Z3t7kkeSg', '2026-01-28 16:42:26', '2026-01-28 16:42:26'),
(3, 'Candidate User', 'candidate@example.com', '2026-01-28 16:42:26', '$2y$12$4UlfXGfxJaxw4qnX5ABv2u81BcE.d2KmKqpcVVWZVZzqNvv/.jYLm', 'candidate', 'V1RzNoyj3r2xmsyrpmEUrUJJ2oQmMdDVKeWNWemkX8xK9D8FhNrxZ1fP2OxJ', '2026-01-28 16:42:26', '2026-01-28 16:42:26'),
(4, 'Dr. Daphney Ratke Sr.', 'crona.orville@example.org', '2026-01-28 16:42:26', '$2y$12$7wckz2mgxFEKitqdh7yeSuOgmclK8cJ3sMqHNKuz8ZNp678/IGwYe', 'recruiter', 'myzIeimtmt', '2026-01-28 16:42:26', '2026-01-28 16:42:26'),
(5, 'Mr. Coby Lakin', 'casper.bogisich@example.org', '2026-01-28 16:42:26', '$2y$12$7wckz2mgxFEKitqdh7yeSuOgmclK8cJ3sMqHNKuz8ZNp678/IGwYe', 'recruiter', 'NWJlKLps1k', '2026-01-28 16:42:26', '2026-01-28 16:42:26'),
(6, 'Patsy Reynolds', 'kveum@example.com', '2026-01-28 16:42:26', '$2y$12$7wckz2mgxFEKitqdh7yeSuOgmclK8cJ3sMqHNKuz8ZNp678/IGwYe', 'recruiter', 'G9qKfhDu50', '2026-01-28 16:42:26', '2026-01-28 16:42:26'),
(7, 'Mr. Ernie Reilly', 'wyatt.ryan@example.com', '2026-01-28 16:42:26', '$2y$12$7wckz2mgxFEKitqdh7yeSuOgmclK8cJ3sMqHNKuz8ZNp678/IGwYe', 'recruiter', 'mV5UaeViyf', '2026-01-28 16:42:26', '2026-01-28 16:42:26'),
(8, 'Prof. Meggie Marks', 'green77@example.net', '2026-01-28 16:42:26', '$2y$12$7wckz2mgxFEKitqdh7yeSuOgmclK8cJ3sMqHNKuz8ZNp678/IGwYe', 'recruiter', 'uwhQuCXdv6', '2026-01-28 16:42:26', '2026-01-28 16:42:26'),
(9, 'Freda Jakubowski DDS', 'hayes.rylan@example.com', '2026-01-28 16:42:26', '$2y$12$7wckz2mgxFEKitqdh7yeSuOgmclK8cJ3sMqHNKuz8ZNp678/IGwYe', 'recruiter', 'bc9xMUxO1i', '2026-01-28 16:42:26', '2026-01-28 16:42:26'),
(10, 'Gudrun Gutkowski', 'eichmann.maryse@example.net', '2026-01-28 16:42:26', '$2y$12$7wckz2mgxFEKitqdh7yeSuOgmclK8cJ3sMqHNKuz8ZNp678/IGwYe', 'recruiter', 'cPCWU6Dbvl', '2026-01-28 16:42:26', '2026-01-28 16:42:26'),
(11, 'Eleanora Green', 'wilkinson.camron@example.com', '2026-01-28 16:42:26', '$2y$12$7wckz2mgxFEKitqdh7yeSuOgmclK8cJ3sMqHNKuz8ZNp678/IGwYe', 'recruiter', 'aJwIRzCVvM', '2026-01-28 16:42:27', '2026-01-28 16:42:27'),
(13, 'Mr. Ken Klein', 'nmante@example.org', '2026-01-28 16:42:26', '$2y$12$7wckz2mgxFEKitqdh7yeSuOgmclK8cJ3sMqHNKuz8ZNp678/IGwYe', 'recruiter', '6rsS9AVcbn', '2026-01-28 16:42:27', '2026-01-28 16:42:27'),
(14, 'Jefferey Ledner', 'lauretta.kirlin@example.org', '2026-01-28 16:42:26', '$2y$12$7wckz2mgxFEKitqdh7yeSuOgmclK8cJ3sMqHNKuz8ZNp678/IGwYe', 'recruiter', 'zTrGv4YmBJ', '2026-01-28 16:42:27', '2026-01-28 16:42:27'),
(15, 'Lamont Hamill', 'wuckert.amparo@example.org', '2026-01-28 16:42:26', '$2y$12$7wckz2mgxFEKitqdh7yeSuOgmclK8cJ3sMqHNKuz8ZNp678/IGwYe', 'recruiter', '2fTYFJBNHJ', '2026-01-28 16:42:27', '2026-01-28 16:42:27'),
(16, 'Raven Jenkins', 'teresa50@example.net', '2026-01-28 16:42:26', '$2y$12$7wckz2mgxFEKitqdh7yeSuOgmclK8cJ3sMqHNKuz8ZNp678/IGwYe', 'recruiter', 'gYTAsyzRuE', '2026-01-28 16:42:27', '2026-01-28 16:42:27'),
(17, 'Dr. Kris Huel', 'tyra68@example.com', '2026-01-28 16:42:26', '$2y$12$7wckz2mgxFEKitqdh7yeSuOgmclK8cJ3sMqHNKuz8ZNp678/IGwYe', 'recruiter', 'JUWRYFgOrb', '2026-01-28 16:42:27', '2026-01-28 16:42:27'),
(18, 'Thomas Gusikowski', 'theodora62@example.org', '2026-01-28 16:42:26', '$2y$12$7wckz2mgxFEKitqdh7yeSuOgmclK8cJ3sMqHNKuz8ZNp678/IGwYe', 'recruiter', 'SuDREUtuzR', '2026-01-28 16:42:27', '2026-01-28 16:42:27'),
(19, 'Kobe Ferry', 'vivien.von@example.org', '2026-01-28 16:42:26', '$2y$12$7wckz2mgxFEKitqdh7yeSuOgmclK8cJ3sMqHNKuz8ZNp678/IGwYe', 'recruiter', 'Mp74rxm0qb', '2026-01-28 16:42:27', '2026-01-28 16:42:27'),
(20, 'Dr. Opal Hoeger', 'torp.stone@example.net', '2026-01-28 16:42:26', '$2y$12$7wckz2mgxFEKitqdh7yeSuOgmclK8cJ3sMqHNKuz8ZNp678/IGwYe', 'recruiter', 'GISm96KMuK', '2026-01-28 16:42:27', '2026-01-28 16:42:27'),
(21, 'Georgiana Kulas', 'kaleb.koch@example.net', '2026-01-28 16:42:26', '$2y$12$7wckz2mgxFEKitqdh7yeSuOgmclK8cJ3sMqHNKuz8ZNp678/IGwYe', 'recruiter', 'pf70jOHw9G', '2026-01-28 16:42:27', '2026-01-28 16:42:27'),
(22, 'Irwin Conroy', 'pleannon@example.com', '2026-01-28 16:42:26', '$2y$12$7wckz2mgxFEKitqdh7yeSuOgmclK8cJ3sMqHNKuz8ZNp678/IGwYe', 'recruiter', 'D78u808VvT', '2026-01-28 16:42:27', '2026-01-28 16:42:27'),
(23, 'Merritt Dickinson', 'ischultz@example.com', '2026-01-28 16:42:26', '$2y$12$7wckz2mgxFEKitqdh7yeSuOgmclK8cJ3sMqHNKuz8ZNp678/IGwYe', 'recruiter', 'qHzvW4NXNy', '2026-01-28 16:42:27', '2026-01-28 16:42:27'),
(24, 'Elna Collier', 'amy.hahn@example.com', '2026-01-28 16:42:27', '$2y$12$7wckz2mgxFEKitqdh7yeSuOgmclK8cJ3sMqHNKuz8ZNp678/IGwYe', 'candidate', 'BaAPk3WfrV', '2026-01-28 16:42:27', '2026-01-28 16:42:27'),
(25, 'Gene Goyette PhD', 'schinner.janie@example.net', '2026-01-28 16:42:27', '$2y$12$7wckz2mgxFEKitqdh7yeSuOgmclK8cJ3sMqHNKuz8ZNp678/IGwYe', 'candidate', 'ot4zdsm5OX', '2026-01-28 16:42:27', '2026-01-28 16:42:27'),
(26, 'Camylle Heller DDS', 'yvette52@example.com', '2026-01-28 16:42:27', '$2y$12$7wckz2mgxFEKitqdh7yeSuOgmclK8cJ3sMqHNKuz8ZNp678/IGwYe', 'candidate', '2jomjcrX09', '2026-01-28 16:42:27', '2026-01-28 16:42:27'),
(27, 'Prof. Webster Lehner', 'moberbrunner@example.net', '2026-01-28 16:42:27', '$2y$12$7wckz2mgxFEKitqdh7yeSuOgmclK8cJ3sMqHNKuz8ZNp678/IGwYe', 'candidate', 'TWrtXvuqV1', '2026-01-28 16:42:27', '2026-01-28 16:42:27'),
(28, 'Sim Bauch', 'rice.jarvis@example.com', '2026-01-28 16:42:27', '$2y$12$7wckz2mgxFEKitqdh7yeSuOgmclK8cJ3sMqHNKuz8ZNp678/IGwYe', 'candidate', 'E5bMuejAog', '2026-01-28 16:42:27', '2026-01-28 16:42:27'),
(29, 'Webster Towne', 'dach.avis@example.org', '2026-01-28 16:42:27', '$2y$12$7wckz2mgxFEKitqdh7yeSuOgmclK8cJ3sMqHNKuz8ZNp678/IGwYe', 'candidate', 'PAo8T9W7PG', '2026-01-28 16:42:27', '2026-01-28 16:42:27'),
(30, 'Jace Luettgen', 'cathrine81@example.org', '2026-01-28 16:42:27', '$2y$12$7wckz2mgxFEKitqdh7yeSuOgmclK8cJ3sMqHNKuz8ZNp678/IGwYe', 'candidate', 'PNnppiVFbZ', '2026-01-28 16:42:27', '2026-01-28 16:42:27'),
(31, 'Annie Pfannerstill', 'preston.roob@example.net', '2026-01-28 16:42:27', '$2y$12$7wckz2mgxFEKitqdh7yeSuOgmclK8cJ3sMqHNKuz8ZNp678/IGwYe', 'candidate', 'C8Wt86lvLa', '2026-01-28 16:42:27', '2026-01-28 16:42:27'),
(32, 'Kelsi Runolfsdottir II', 'rebeca.jast@example.com', '2026-01-28 16:42:27', '$2y$12$7wckz2mgxFEKitqdh7yeSuOgmclK8cJ3sMqHNKuz8ZNp678/IGwYe', 'candidate', 'qdpsqPo7Vp', '2026-01-28 16:42:27', '2026-01-28 16:42:27'),
(33, 'Cruz Crona III', 'jett75@example.net', '2026-01-28 16:42:27', '$2y$12$7wckz2mgxFEKitqdh7yeSuOgmclK8cJ3sMqHNKuz8ZNp678/IGwYe', 'candidate', '993qh02cCW', '2026-01-28 16:42:27', '2026-01-28 16:42:27'),
(34, 'Gino Wyman', 'lvolkman@example.net', '2026-01-28 16:42:27', '$2y$12$7wckz2mgxFEKitqdh7yeSuOgmclK8cJ3sMqHNKuz8ZNp678/IGwYe', 'candidate', 'y9voEt75Cl', '2026-01-28 16:42:27', '2026-01-28 16:42:27'),
(35, 'Sammie Borer', 'qgerhold@example.net', '2026-01-28 16:42:27', '$2y$12$7wckz2mgxFEKitqdh7yeSuOgmclK8cJ3sMqHNKuz8ZNp678/IGwYe', 'candidate', 'MplBOcSEsF', '2026-01-28 16:42:27', '2026-01-28 16:42:27'),
(36, 'Prof. Lonie Nolan', 'chyna05@example.net', '2026-01-28 16:42:27', '$2y$12$7wckz2mgxFEKitqdh7yeSuOgmclK8cJ3sMqHNKuz8ZNp678/IGwYe', 'candidate', 'rO56ZmXuNy', '2026-01-28 16:42:27', '2026-01-28 16:42:27'),
(37, 'Owen Hoppe', 'magdalen52@example.com', '2026-01-28 16:42:27', '$2y$12$7wckz2mgxFEKitqdh7yeSuOgmclK8cJ3sMqHNKuz8ZNp678/IGwYe', 'candidate', 'RZAW0nwoic', '2026-01-28 16:42:27', '2026-01-28 16:42:27'),
(38, 'Mr. Davin Krajcik III', 'kstamm@example.org', '2026-01-28 16:42:27', '$2y$12$7wckz2mgxFEKitqdh7yeSuOgmclK8cJ3sMqHNKuz8ZNp678/IGwYe', 'candidate', '5ml5reB26Z', '2026-01-28 16:42:27', '2026-01-28 16:42:27'),
(39, 'Dr. Salvador Willms Jr.', 'ndoyle@example.com', '2026-01-28 16:42:27', '$2y$12$7wckz2mgxFEKitqdh7yeSuOgmclK8cJ3sMqHNKuz8ZNp678/IGwYe', 'candidate', 'N3OeZouVVg', '2026-01-28 16:42:27', '2026-01-28 16:42:27'),
(40, 'Antonietta Strosin', 'roberto.hills@example.org', '2026-01-28 16:42:27', '$2y$12$7wckz2mgxFEKitqdh7yeSuOgmclK8cJ3sMqHNKuz8ZNp678/IGwYe', 'candidate', 'fv1l6Uy3cc', '2026-01-28 16:42:27', '2026-01-28 16:42:27'),
(41, 'Annalise Kunze', 'mylene.walsh@example.net', '2026-01-28 16:42:27', '$2y$12$7wckz2mgxFEKitqdh7yeSuOgmclK8cJ3sMqHNKuz8ZNp678/IGwYe', 'candidate', 'c6EQ2LRgSX', '2026-01-28 16:42:27', '2026-01-28 16:42:27'),
(42, 'Mrs. Edythe Hills', 'elisa.crona@example.net', '2026-01-28 16:42:27', '$2y$12$7wckz2mgxFEKitqdh7yeSuOgmclK8cJ3sMqHNKuz8ZNp678/IGwYe', 'candidate', 't747asjf41', '2026-01-28 16:42:27', '2026-01-28 16:42:27'),
(43, 'Barry Corkery', 'halvorson.clemens@example.com', '2026-01-28 16:42:27', '$2y$12$7wckz2mgxFEKitqdh7yeSuOgmclK8cJ3sMqHNKuz8ZNp678/IGwYe', 'candidate', 'KVPTRRfADG', '2026-01-28 16:42:27', '2026-01-28 16:42:27'),
(44, 'Dr. Carmelo Champlin II', 'moises77@example.net', '2026-01-28 16:42:27', '$2y$12$7wckz2mgxFEKitqdh7yeSuOgmclK8cJ3sMqHNKuz8ZNp678/IGwYe', 'candidate', 'rmmc1epfSq', '2026-01-28 16:42:27', '2026-01-28 16:42:27'),
(45, 'Kira Auer MD', 'litzy59@example.org', '2026-01-28 16:42:27', '$2y$12$7wckz2mgxFEKitqdh7yeSuOgmclK8cJ3sMqHNKuz8ZNp678/IGwYe', 'candidate', 'Wam4azSVCN', '2026-01-28 16:42:27', '2026-01-28 16:42:27'),
(46, 'Angela Smith', 'sallie05@example.org', '2026-01-28 16:42:27', '$2y$12$7wckz2mgxFEKitqdh7yeSuOgmclK8cJ3sMqHNKuz8ZNp678/IGwYe', 'candidate', 'HVieDVWM0v', '2026-01-28 16:42:27', '2026-01-28 16:42:27'),
(47, 'Gertrude Daniel', 'isobel.hayes@example.com', '2026-01-28 16:42:27', '$2y$12$7wckz2mgxFEKitqdh7yeSuOgmclK8cJ3sMqHNKuz8ZNp678/IGwYe', 'candidate', 'xUC5FMLRQj', '2026-01-28 16:42:27', '2026-01-28 16:42:27'),
(48, 'Prof. Monique Bogan', 'walsh.everette@example.net', '2026-01-28 16:42:27', '$2y$12$7wckz2mgxFEKitqdh7yeSuOgmclK8cJ3sMqHNKuz8ZNp678/IGwYe', 'candidate', 'sy0lH9SM33', '2026-01-28 16:42:27', '2026-01-28 16:42:27'),
(49, 'Salvador Okuneva', 'pabshire@example.net', '2026-01-28 16:42:27', '$2y$12$7wckz2mgxFEKitqdh7yeSuOgmclK8cJ3sMqHNKuz8ZNp678/IGwYe', 'candidate', 'a8xFom6y8V', '2026-01-28 16:42:27', '2026-01-28 16:42:27'),
(50, 'Palma Reinger', 'hettie.aufderhar@example.org', '2026-01-28 16:42:27', '$2y$12$7wckz2mgxFEKitqdh7yeSuOgmclK8cJ3sMqHNKuz8ZNp678/IGwYe', 'candidate', 'JskkoBqsc7', '2026-01-28 16:42:27', '2026-01-28 16:42:27'),
(51, 'Green Nikolaus', 'francisco20@example.com', '2026-01-28 16:42:27', '$2y$12$7wckz2mgxFEKitqdh7yeSuOgmclK8cJ3sMqHNKuz8ZNp678/IGwYe', 'candidate', 'vOOi6gzfhy', '2026-01-28 16:42:27', '2026-01-28 16:42:27'),
(52, 'Marcos Lesch', 'morissette.maude@example.net', '2026-01-28 16:42:27', '$2y$12$7wckz2mgxFEKitqdh7yeSuOgmclK8cJ3sMqHNKuz8ZNp678/IGwYe', 'candidate', 'b5cGmR6d7i', '2026-01-28 16:42:27', '2026-01-28 16:42:27'),
(53, 'Justina Prosacco DVM', 'wilkinson.adeline@example.com', '2026-01-28 16:42:27', '$2y$12$7wckz2mgxFEKitqdh7yeSuOgmclK8cJ3sMqHNKuz8ZNp678/IGwYe', 'candidate', '5Eh8kL2DSL', '2026-01-28 16:42:27', '2026-01-28 16:42:27'),
(54, 'Dr. Kyle Dach Jr.', 'frankie94@example.com', '2026-01-28 16:42:27', '$2y$12$7wckz2mgxFEKitqdh7yeSuOgmclK8cJ3sMqHNKuz8ZNp678/IGwYe', 'candidate', 'f5ovzO6kd6', '2026-01-28 16:42:27', '2026-01-28 16:42:27'),
(55, 'Luella Graham', 'mann.isabelle@example.org', '2026-01-28 16:42:27', '$2y$12$7wckz2mgxFEKitqdh7yeSuOgmclK8cJ3sMqHNKuz8ZNp678/IGwYe', 'candidate', 'XXPLfK4zr3', '2026-01-28 16:42:27', '2026-01-28 16:42:27'),
(56, 'Prof. Ignacio Deckow DDS', 'madge.dickens@example.org', '2026-01-28 16:42:27', '$2y$12$7wckz2mgxFEKitqdh7yeSuOgmclK8cJ3sMqHNKuz8ZNp678/IGwYe', 'candidate', '4XOn3whV27', '2026-01-28 16:42:27', '2026-01-28 16:42:27'),
(57, 'Waino Terry', 'durgan.dayna@example.net', '2026-01-28 16:42:27', '$2y$12$7wckz2mgxFEKitqdh7yeSuOgmclK8cJ3sMqHNKuz8ZNp678/IGwYe', 'candidate', '5DX1NT4Csh', '2026-01-28 16:42:27', '2026-01-28 16:42:27'),
(58, 'Lynn Runolfsson', 'dewayne65@example.com', '2026-01-28 16:42:27', '$2y$12$7wckz2mgxFEKitqdh7yeSuOgmclK8cJ3sMqHNKuz8ZNp678/IGwYe', 'candidate', 'SotiPqwylo', '2026-01-28 16:42:27', '2026-01-28 16:42:27'),
(59, 'Dr. Adan Johnston V', 'jovan.price@example.org', '2026-01-28 16:42:27', '$2y$12$7wckz2mgxFEKitqdh7yeSuOgmclK8cJ3sMqHNKuz8ZNp678/IGwYe', 'candidate', 'sgauyGs4xV', '2026-01-28 16:42:27', '2026-01-28 16:42:27'),
(60, 'Jamie Welch I', 'shanon62@example.org', '2026-01-28 16:42:27', '$2y$12$7wckz2mgxFEKitqdh7yeSuOgmclK8cJ3sMqHNKuz8ZNp678/IGwYe', 'candidate', 'Ep3qsU8YxL', '2026-01-28 16:42:27', '2026-01-28 16:42:27'),
(61, 'Kory Marvin', 'lucas58@example.net', '2026-01-28 16:42:27', '$2y$12$7wckz2mgxFEKitqdh7yeSuOgmclK8cJ3sMqHNKuz8ZNp678/IGwYe', 'candidate', 'DD9ZnyPEuR', '2026-01-28 16:42:27', '2026-01-28 16:42:27'),
(62, 'Matt Kulas', 'rolfson.edgardo@example.net', '2026-01-28 16:42:27', '$2y$12$7wckz2mgxFEKitqdh7yeSuOgmclK8cJ3sMqHNKuz8ZNp678/IGwYe', 'candidate', 'jh8C6hUeO6', '2026-01-28 16:42:27', '2026-01-28 16:42:27'),
(63, 'Natalie Larson', 'rubie.pfeffer@example.com', '2026-01-28 16:42:27', '$2y$12$7wckz2mgxFEKitqdh7yeSuOgmclK8cJ3sMqHNKuz8ZNp678/IGwYe', 'candidate', '9j2y6vtbRm', '2026-01-28 16:42:27', '2026-01-28 16:42:27'),
(64, 'Vernie O\'Keefe', 'ledner.clay@example.net', '2026-01-28 16:42:27', '$2y$12$7wckz2mgxFEKitqdh7yeSuOgmclK8cJ3sMqHNKuz8ZNp678/IGwYe', 'candidate', 'DVGexL2dsD', '2026-01-28 16:42:27', '2026-01-28 16:42:27'),
(65, 'Cathrine Dickinson', 'arturo.carroll@example.com', '2026-01-28 16:42:27', '$2y$12$7wckz2mgxFEKitqdh7yeSuOgmclK8cJ3sMqHNKuz8ZNp678/IGwYe', 'candidate', 'WDwnIMK6Pe', '2026-01-28 16:42:27', '2026-01-28 16:42:27'),
(66, 'Reginald Brakus', 'hoeger.jerad@example.org', '2026-01-28 16:42:27', '$2y$12$7wckz2mgxFEKitqdh7yeSuOgmclK8cJ3sMqHNKuz8ZNp678/IGwYe', 'candidate', 'niIKCEbbhx', '2026-01-28 16:42:27', '2026-01-28 16:42:27'),
(67, 'Prof. Alphonso Labadie MD', 'ulises36@example.net', '2026-01-28 16:42:27', '$2y$12$7wckz2mgxFEKitqdh7yeSuOgmclK8cJ3sMqHNKuz8ZNp678/IGwYe', 'candidate', 'ZiQCaEVUME', '2026-01-28 16:42:27', '2026-01-28 16:42:27'),
(68, 'Dr. Christ Morar', 'turner.muller@example.org', '2026-01-28 16:42:27', '$2y$12$7wckz2mgxFEKitqdh7yeSuOgmclK8cJ3sMqHNKuz8ZNp678/IGwYe', 'candidate', 'q5G3KMXfGu', '2026-01-28 16:42:27', '2026-01-28 16:42:27'),
(69, 'Kyleigh Ratke PhD', 'gheidenreich@example.net', '2026-01-28 16:42:27', '$2y$12$7wckz2mgxFEKitqdh7yeSuOgmclK8cJ3sMqHNKuz8ZNp678/IGwYe', 'candidate', 'XoNYdN2wSX', '2026-01-28 16:42:27', '2026-01-28 16:42:27'),
(70, 'Gavin Gibson DVM', 'qtorp@example.org', '2026-01-28 16:42:27', '$2y$12$7wckz2mgxFEKitqdh7yeSuOgmclK8cJ3sMqHNKuz8ZNp678/IGwYe', 'candidate', 'hcLgZdnoxq', '2026-01-28 16:42:27', '2026-01-28 16:42:27'),
(71, 'Prof. Donavon Cartwright III', 'alisa.braun@example.net', '2026-01-28 16:42:27', '$2y$12$7wckz2mgxFEKitqdh7yeSuOgmclK8cJ3sMqHNKuz8ZNp678/IGwYe', 'candidate', 'RwpHpZPHSe', '2026-01-28 16:42:27', '2026-01-28 16:42:27'),
(72, 'Dr. Ahmed Simonis DDS', 'tito.bogisich@example.com', '2026-01-28 16:42:27', '$2y$12$7wckz2mgxFEKitqdh7yeSuOgmclK8cJ3sMqHNKuz8ZNp678/IGwYe', 'candidate', 'Vo8tX4GYa3', '2026-01-28 16:42:27', '2026-01-28 16:42:27'),
(73, 'Wendell Homenick', 'kmohr@example.net', '2026-01-28 16:42:27', '$2y$12$7wckz2mgxFEKitqdh7yeSuOgmclK8cJ3sMqHNKuz8ZNp678/IGwYe', 'candidate', 's1PyQNvrJN', '2026-01-28 16:42:27', '2026-01-28 16:42:27');

--
-- Index pour les tables déchargées
--

--
-- Index pour la table `applications`
--
ALTER TABLE `applications`
  ADD PRIMARY KEY (`id`),
  ADD KEY `applications_job_id_foreign` (`job_id`),
  ADD KEY `applications_candidate_id_foreign` (`candidate_id`);

--
-- Index pour la table `cache`
--
ALTER TABLE `cache`
  ADD PRIMARY KEY (`key`),
  ADD KEY `cache_expiration_index` (`expiration`);

--
-- Index pour la table `cache_locks`
--
ALTER TABLE `cache_locks`
  ADD PRIMARY KEY (`key`),
  ADD KEY `cache_locks_expiration_index` (`expiration`);

--
-- Index pour la table `failed_jobs`
--
ALTER TABLE `failed_jobs`
  ADD PRIMARY KEY (`id`),
  ADD UNIQUE KEY `failed_jobs_uuid_unique` (`uuid`);

--
-- Index pour la table `jobs`
--
ALTER TABLE `jobs`
  ADD PRIMARY KEY (`id`),
  ADD KEY `jobs_queue_index` (`queue`);

--
-- Index pour la table `job_batches`
--
ALTER TABLE `job_batches`
  ADD PRIMARY KEY (`id`);

--
-- Index pour la table `job_postings`
--
ALTER TABLE `job_postings`
  ADD PRIMARY KEY (`id`),
  ADD KEY `job_postings_recruiter_id_foreign` (`recruiter_id`);

--
-- Index pour la table `migrations`
--
ALTER TABLE `migrations`
  ADD PRIMARY KEY (`id`);

--
-- Index pour la table `password_reset_tokens`
--
ALTER TABLE `password_reset_tokens`
  ADD PRIMARY KEY (`email`);

--
-- Index pour la table `sessions`
--
ALTER TABLE `sessions`
  ADD PRIMARY KEY (`id`),
  ADD KEY `sessions_user_id_index` (`user_id`),
  ADD KEY `sessions_last_activity_index` (`last_activity`);

--
-- Index pour la table `users`
--
ALTER TABLE `users`
  ADD PRIMARY KEY (`id`),
  ADD UNIQUE KEY `users_email_unique` (`email`);

--
-- AUTO_INCREMENT pour les tables déchargées
--

--
-- AUTO_INCREMENT pour la table `applications`
--
ALTER TABLE `applications`
  MODIFY `id` bigint(20) UNSIGNED NOT NULL AUTO_INCREMENT, AUTO_INCREMENT=122;

--
-- AUTO_INCREMENT pour la table `failed_jobs`
--
ALTER TABLE `failed_jobs`
  MODIFY `id` bigint(20) UNSIGNED NOT NULL AUTO_INCREMENT;

--
-- AUTO_INCREMENT pour la table `jobs`
--
ALTER TABLE `jobs`
  MODIFY `id` bigint(20) UNSIGNED NOT NULL AUTO_INCREMENT;

--
-- AUTO_INCREMENT pour la table `job_postings`
--
ALTER TABLE `job_postings`
  MODIFY `id` bigint(20) UNSIGNED NOT NULL AUTO_INCREMENT, AUTO_INCREMENT=119;

--
-- AUTO_INCREMENT pour la table `migrations`
--
ALTER TABLE `migrations`
  MODIFY `id` int(10) UNSIGNED NOT NULL AUTO_INCREMENT, AUTO_INCREMENT=6;

--
-- AUTO_INCREMENT pour la table `users`
--
ALTER TABLE `users`
  MODIFY `id` bigint(20) UNSIGNED NOT NULL AUTO_INCREMENT, AUTO_INCREMENT=74;

--
-- Contraintes pour les tables déchargées
--

--
-- Contraintes pour la table `applications`
--
ALTER TABLE `applications`
  ADD CONSTRAINT `applications_candidate_id_foreign` FOREIGN KEY (`candidate_id`) REFERENCES `users` (`id`) ON DELETE CASCADE,
  ADD CONSTRAINT `applications_job_id_foreign` FOREIGN KEY (`job_id`) REFERENCES `job_postings` (`id`) ON DELETE CASCADE;

--
-- Contraintes pour la table `job_postings`
--
ALTER TABLE `job_postings`
  ADD CONSTRAINT `job_postings_recruiter_id_foreign` FOREIGN KEY (`recruiter_id`) REFERENCES `users` (`id`) ON DELETE CASCADE;
COMMIT;

/*!40101 SET CHARACTER_SET_CLIENT=@OLD_CHARACTER_SET_CLIENT */;
/*!40101 SET CHARACTER_SET_RESULTS=@OLD_CHARACTER_SET_RESULTS */;
/*!40101 SET COLLATION_CONNECTION=@OLD_COLLATION_CONNECTION */;
